Tarih,Simdi
04.04.2023,19.2271
03.04.2023,19.2097
02.04.2023,19.1999
31.03.2023,19.1793
30.03.2023,19.181
29.03.2023,19.1515
28.03.2023,19.1262
27.03.2023,19.1043
24.03.2023,19.0477
23.03.2023,19.0609
22.03.2023,19.048
21.03.2023,19.0336
20.03.2023,19.0171
17.03.2023,19.0208
16.03.2023,19.0061
15.03.2023,18.9921
14.03.2023,18.9808
13.03.2023,18.9763
10.03.2023,18.9617
09.03.2023,18.9598
08.03.2023,18.9478
07.03.2023,18.9243
06.03.2023,18.8955
03.03.2023,18.8288
02.03.2023,18.8908
01.03.2023,18.8884
28.02.2023,18.8874
27.02.2023,18.8866
24.02.2023,18.8731
23.02.2023,18.8735
22.02.2023,18.8799
21.02.2023,18.8715
20.02.2023,18.867
20.02.2023,18.8748
17.02.2023,18.8297
16.02.2023,18.7934
16.02.2023,18.8483
15.02.2023,18.838
15.02.2023,18.8513
14.02.2023,18.8551
14.02.2023,18.8396
13.02.2023,18.823
13.02.2023,18.839
10.02.2023,18.8241
09.02.2023,18.8131
09.02.2023,18.8291
08.02.2023,18.8129
08.02.2023,18.8285
07.02.2023,18.8062
07.02.2023,18.8229
06.02.2023,18.8147
06.02.2023,18.8241
03.02.2023,18.8236
02.02.2023,18.8186
02.02.2023,18.8064
01.02.2023,18.8023
01.02.2023,18.8051
31.01.2023,18.7677
31.01.2023,18.8115
30.01.2023,18.8056
30.01.2023,18.7901
27.01.2023,18.8109
26.01.2023,18.786
26.01.2023,18.8038
25.01.2023,18.7947
25.01.2023,18.7972
24.01.2023,18.7754
24.01.2023,18.825
23.01.2023,18.7975
23.01.2023,18.8102
20.01.2023,18.7614
19.01.2023,18.7579
19.01.2023,18.7601
18.01.2023,18.7575
18.01.2023,18.7608
17.01.2023,18.7588
17.01.2023,18.7504
16.01.2023,18.7155
16.01.2023,18.7977
13.01.2023,18.8035
12.01.2023,18.7824
12.01.2023,18.7807
11.01.2023,18.7785
11.01.2023,18.7775
10.01.2023,18.7633
10.01.2023,18.7776
09.01.2023,18.7622
09.01.2023,18.7758
06.01.2023,18.7544
05.01.2023,18.7524
05.01.2023,18.7655
04.01.2023,18.7378
04.01.2023,18.7432
03.01.2023,18.7224
03.01.2023,18.7284
02.01.2023,18.6979
02.01.2023,18.7148
30.12.2022,18.6905
29.12.2022,18.6877
29.12.2022,18.7096
28.12.2022,18.6889
28.12.2022,18.718
27.12.2022,18.6777
27.12.2022,18.702
26.12.2022,18.667
26.12.2022,18.6878
23.12.2022,18.6657
22.12.2022,18.657
22.12.2022,18.6653
21.12.2022,18.6424
21.12.2022,18.6769
20.12.2022,18.6502
20.12.2022,18.6621
19.12.2022,18.6406
19.12.2022,18.6526
16.12.2022,18.6393
15.12.2022,18.646
15.12.2022,18.6418
14.12.2022,18.6031
14.12.2022,18.6282
13.12.2022,18.6035
13.12.2022,18.575
12.12.2022,18.5717
12.12.2022,18.64
09.12.2022,18.6538
08.12.2022,18.6503
08.12.2022,18.6427
07.12.2022,18.6243
07.12.2022,18.6404
06.12.2022,18.6203
06.12.2022,18.6323
05.12.2022,18.6248
05.12.2022,18.6434
02.12.2022,18.633
01.12.2022,18.6303
01.12.2022,18.6377
30.11.2022,18.6115
30.11.2022,18.6121
29.11.2022,18.5895
29.11.2022,18.6394
28.11.2022,18.6138
28.11.2022,18.6305
25.11.2022,18.5913
24.11.2022,18.5816
24.11.2022,18.6103
23.11.2022,18.6046
23.11.2022,18.6174
22.11.2022,18.6037
22.11.2022,18.6135
21.11.2022,18.5819
21.11.2022,18.6212
18.11.2022,18.6236
17.11.2022,18.5889
17.11.2022,18.5878
16.11.2022,18.5599
16.11.2022,18.6094
15.11.2022,18.6036
15.11.2022,18.6106
14.11.2022,18.6017
14.11.2022,18.618
11.11.2022,18.5784
10.11.2022,18.5717
10.11.2022,18.4892
09.11.2022,18.4593
09.11.2022,18.5907
08.11.2022,18.5686
08.11.2022,18.5361
07.11.2022,18.5284
07.11.2022,18.4452
04.11.2022,18.5684
03.11.2022,18.5657
03.11.2022,18.6176
02.11.2022,18.6021
02.11.2022,18.6289
01.11.2022,18.6019
01.11.2022,18.5833
31.10.2022,18.5535
31.10.2022,18.6151
28.10.2022,18.5835
27.10.2022,18.5813
27.10.2022,18.5996
26.10.2022,18.6209
26.10.2022,18.6042
25.10.2022,18.5784
25.10.2022,18.6028
24.10.2022,18.588
24.10.2022,18.6067
21.10.2022,18.5965
20.10.2022,18.5884
20.10.2022,18.5973
19.10.2022,18.5732
19.10.2022,18.5907
18.10.2022,18.5829
18.10.2022,18.5872
17.10.2022,18.5875
17.10.2022,18.581
14.10.2022,18.574
13.10.2022,18.5585
13.10.2022,18.5564
12.10.2022,18.535
12.10.2022,18.5698
11.10.2022,18.5291
11.10.2022,18.5922
10.10.2022,18.5775
10.10.2022,18.5795
07.10.2022,18.5821
06.10.2022,18.562
06.10.2022,18.5755
05.10.2022,18.582
05.10.2022,18.5595
04.10.2022,18.5565
04.10.2022,18.5779
03.10.2022,18.5309
03.10.2022,18.5448
30.09.2022,18.5024
29.09.2022,18.5
29.09.2022,18.4987
28.09.2022,18.4519
28.09.2022,18.507
27.09.2022,18.5367
27.09.2022,18.4382
26.09.2022,18.4297
26.09.2022,18.4577
23.09.2022,18.4156
22.09.2022,18.4131
22.09.2022,18.3421
21.09.2022,18.3204
21.09.2022,18.3279
20.09.2022,18.3034
20.09.2022,18.3074
19.09.2022,18.308
19.09.2022,18.2853
16.09.2022,18.2564
15.09.2022,18.2543
15.09.2022,18.2661
14.09.2022,18.257
14.09.2022,18.2384
13.09.2022,18.2254
13.09.2022,18.2498
12.09.2022,18.2418
12.09.2022,18.2244
09.09.2022,18.2364
08.09.2022,18.2334
08.09.2022,18.2328
07.09.2022,18.2253
07.09.2022,18.2275
06.09.2022,18.217
06.09.2022,18.2246
05.09.2022,18.2153
05.09.2022,18.219
02.09.2022,18.2007
01.09.2022,18.2491
01.09.2022,18.2048
31.08.2022,18.205
31.08.2022,18.1978
30.08.2022,18.1712
30.08.2022,18.1844
29.08.2022,18.152
29.08.2022,18.1822
26.08.2022,18.1629
25.08.2022,18.1433
25.08.2022,18.1689
24.08.2022,18.1544
24.08.2022,18.1517
23.08.2022,18.1378
23.08.2022,18.1114
22.08.2022,18.092
22.08.2022,18.0731
19.08.2022,18.087
18.08.2022,18.085
18.08.2022,18.0344
17.08.2022,18.0561
17.08.2022,17.9506
16.08.2022,17.9342
16.08.2022,17.9332
15.08.2022,17.9004
15.08.2022,17.9599
12.08.2022,17.9363
11.08.2022,17.9324
11.08.2022,17.945
10.08.2022,17.9231
10.08.2022,17.8758
09.08.2022,17.8049
09.08.2022,17.9081
08.08.2022,17.8944
08.08.2022,17.9356
05.08.2022,17.9126
04.08.2022,17.9101
04.08.2022,17.9273
03.08.2022,17.8972
03.08.2022,17.9404
02.08.2022,17.9144
02.08.2022,17.9457
01.08.2022,17.9277
01.08.2022,17.9014
29.07.2022,17.9148
28.07.2022,17.9114
28.07.2022,17.9133
27.07.2022,17.9291
27.07.2022,17.8876
26.07.2022,17.8653
26.07.2022,17.862
25.07.2022,17.8422
25.07.2022,17.8037
22.07.2022,17.7415
21.07.2022,17.7173
21.07.2022,17.7153
20.07.2022,17.6978
20.07.2022,17.6059
19.07.2022,17.5761
19.07.2022,17.5587
18.07.2022,17.5398
18.07.2022,17.4624
15.07.2022,17.4
14.07.2022,17.395
14.07.2022,17.4474
13.07.2022,17.4344
13.07.2022,17.4292
12.07.2022,17.3778
12.07.2022,17.3164
11.07.2022,17.2993
11.07.2022,17.3742
08.07.2022,17.2733
07.07.2022,17.2683
07.07.2022,17.2713
06.07.2022,17.2309
06.07.2022,17.227
05.07.2022,17.2009
05.07.2022,16.9999
04.07.2022,16.9463
04.07.2022,16.8163
01.07.2022,16.7642
30.06.2022,16.7613
30.06.2022,16.7
29.06.2022,16.6675
29.06.2022,16.6388
28.06.2022,16.6417
28.06.2022,16.6765
27.06.2022,16.5928
27.06.2022,16.5585
24.06.2022,16.8881
23.06.2022,16.886
23.06.2022,17.3565
22.06.2022,17.3392
22.06.2022,17.342
21.06.2022,17.312
21.06.2022,17.3412
20.06.2022,17.3168
20.06.2022,17.3345
17.06.2022,17.3284
16.06.2022,17.3255
16.06.2022,17.3039
15.06.2022,17.2865
15.06.2022,17.2422
14.06.2022,17.2301
14.06.2022,17.2713
13.06.2022,17.2226
13.06.2022,17.2639
10.06.2022,17.1158
09.06.2022,17.0718
09.06.2022,17.1961
08.06.2022,17.2491
08.06.2022,17.1504
07.06.2022,17.1582
07.06.2022,16.7608
06.06.2022,16.8225
06.06.2022,16.5807
03.06.2022,16.4176
02.06.2022,16.4126
02.06.2022,16.4672
01.06.2022,16.4628
01.06.2022,16.395
31.05.2022,16.3911
31.05.2022,16.4035
30.05.2022,16.3875
30.05.2022,16.3849
27.05.2022,16.218
26.05.2022,16.1807
26.05.2022,16.3597
25.05.2022,16.331
25.05.2022,16.3597
24.05.2022,16.319
24.05.2022,16.0964
23.05.2022,16.0903
23.05.2022,15.9316
20.05.2022,15.9037
19.05.2022,15.8951
19.05.2022,15.8813
18.05.2022,15.874
18.05.2022,15.9471
17.05.2022,15.9316
17.05.2022,15.8983
16.05.2022,15.8297
16.05.2022,15.5493
13.05.2022,15.4798
12.05.2022,15.4769
12.05.2022,15.3803
11.05.2022,15.388
11.05.2022,15.3133
10.05.2022,15.2909
10.05.2022,15.2594
09.05.2022,15.285
09.05.2022,15.0925
06.05.2022,14.95
05.05.2022,14.9468
05.05.2022,14.8636
04.05.2022,14.8556
04.05.2022,14.7403
03.05.2022,14.7143
03.05.2022,14.8141
02.05.2022,14.7975
02.05.2022,14.8831
29.04.2022,14.8517
28.04.2022,14.8426
28.04.2022,14.7909
27.04.2022,14.7863
27.04.2022,14.8072
26.04.2022,14.772
26.04.2022,14.7997
25.04.2022,14.797
25.04.2022,14.7772
22.04.2022,14.7427
21.04.2022,14.7339
21.04.2022,14.7076
20.04.2022,14.7021
20.04.2022,14.6753
19.04.2022,14.6641
19.04.2022,14.6547
18.04.2022,14.6503
18.04.2022,14.6416
15.04.2022,14.636
14.04.2022,14.628
14.04.2022,14.6128
13.04.2022,14.5943
13.04.2022,14.5958
12.04.2022,14.5848
12.04.2022,14.6006
11.04.2022,14.5729
11.04.2022,14.6634
08.04.2022,14.7491
07.04.2022,14.7364
07.04.2022,14.7378
06.04.2022,14.7176
06.04.2022,14.7096
05.04.2022,14.7062
05.04.2022,14.7202
04.04.2022,14.7175
04.04.2022,14.6873
01.04.2022,14.6865
31.03.2022,14.6825
31.03.2022,14.6739
30.03.2022,14.6657
30.03.2022,14.6553
29.03.2022,14.6345
29.03.2022,14.5845
28.03.2022,14.5594
28.03.2022,14.8182
25.03.2022,14.8367
24.03.2022,14.8286
24.03.2022,14.8239
23.03.2022,14.8149
23.03.2022,14.8373
22.03.2022,14.8194
22.03.2022,14.8251
21.03.2022,14.8213
21.03.2022,14.8248
18.03.2022,14.809
17.03.2022,14.7899
17.03.2022,14.7018
16.03.2022,14.6935
16.03.2022,14.6354
15.03.2022,14.5963
15.03.2022,14.7022
14.03.2022,14.6919
14.03.2022,14.7804
11.03.2022,14.7645
10.03.2022,14.7541
10.03.2022,14.8421
09.03.2022,14.8102
09.03.2022,14.6527
08.03.2022,14.6278
08.03.2022,14.4937
07.03.2022,14.4675
07.03.2022,14.3773
04.03.2022,14.1865
03.03.2022,14.1701
03.03.2022,14.1187
02.03.2022,14.1018
02.03.2022,14.019
01.03.2022,13.982
01.03.2022,13.9181
28.02.2022,13.8735
28.02.2022,13.8486
25.02.2022,13.8238
24.02.2022,13.8196
24.02.2022,14.0346
23.02.2022,14.0034
23.02.2022,13.8236
22.02.2022,13.8085
22.02.2022,13.7918
21.02.2022,13.7642
21.02.2022,13.698
18.02.2022,13.6541
17.02.2022,13.6509
17.02.2022,13.5759
16.02.2022,13.5727
16.02.2022,13.5996
15.02.2022,13.5892
15.02.2022,13.6071
14.02.2022,13.5618
14.02.2022,13.5989
11.02.2022,13.52
10.02.2022,13.4694
10.02.2022,13.498
09.02.2022,13.4683
09.02.2022,13.5405
08.02.2022,13.5245
08.02.2022,13.5639
07.02.2022,13.5611
07.02.2022,13.5971
04.02.2022,13.5687
03.02.2022,13.5598
03.02.2022,13.5605
02.02.2022,13.5326
02.02.2022,13.4612
01.02.2022,13.4536
01.02.2022,13.3746
31.01.2022,13.3481
31.01.2022,13.3209
28.01.2022,13.5532
27.01.2022,13.5423
27.01.2022,13.65
26.01.2022,13.6295
26.01.2022,13.578
25.01.2022,13.5561
25.01.2022,13.4819
24.01.2022,13.4279
24.01.2022,13.4642
21.01.2022,13.4487
20.01.2022,13.4317
20.01.2022,13.3551
19.01.2022,13.353
19.01.2022,13.4098
18.01.2022,13.3839
18.01.2022,13.5362
17.01.2022,13.5303
17.01.2022,13.4436
14.01.2022,13.5264
13.01.2022,13.5314
13.01.2022,13.5949
12.01.2022,13.5595
12.01.2022,13.2185
11.01.2022,13.22
11.01.2022,13.7999
10.01.2022,13.7755
10.01.2022,13.8116
07.01.2022,13.8745
06.01.2022,13.8695
06.01.2022,13.8604
05.01.2022,13.8554
05.01.2022,13.6806
04.01.2022,13.6283
04.01.2022,13.4084
03.01.2022,13.4111
03.01.2022,13.1463
31.12.2021,13.3211
30.12.2021,13.3161
30.12.2021,13.144
29.12.2021,13.126
29.12.2021,12.638
28.12.2021,12.6359
28.12.2021,11.8049
27.12.2021,11.798
27.12.2021,11.6822
24.12.2021,10.65
23.12.2021,10.7547
23.12.2021,11.404
22.12.2021,11.2623
22.12.2021,12.0251
21.12.2021,11.9825
21.12.2021,12.4351
20.12.2021,12.429
20.12.2021,13.507
17.12.2021,16.4185
16.12.2021,16.4135
16.12.2021,15.6709
15.12.2021,15.6661
15.12.2021,14.7925
14.12.2021,14.7901
14.12.2021,14.3906
13.12.2021,14.3841
13.12.2021,13.8134
10.12.2021,13.8801
09.12.2021,13.8719
09.12.2021,13.7858
08.12.2021,13.7815
08.12.2021,13.6753
07.12.2021,13.672
07.12.2021,13.4947
06.12.2021,13.4925
06.12.2021,13.8002
03.12.2021,13.7027
02.12.2021,13.6999
02.12.2021,13.6855
01.12.2021,13.6783
01.12.2021,13.266
30.11.2021,13.2646
30.11.2021,13.4782
29.11.2021,13.4732
29.11.2021,12.8189
26.11.2021,12.4253
25.11.2021,12.4217
25.11.2021,11.9904
24.11.2021,12.0067
24.11.2021,12.0876
23.11.2021,12.0855
23.11.2021,12.8216
22.11.2021,12.8189
22.11.2021,11.384
19.11.2021,11.236
18.11.2021,11.231
18.11.2021,10.9955
17.11.2021,10.9905
17.11.2021,10.6277
16.11.2021,10.6103
16.11.2021,10.343
15.11.2021,10.3395
15.11.2021,10.0615
12.11.2021,9.9784
11.11.2021,9.9751
11.11.2021,9.9052
10.11.2021,9.9006
10.11.2021,9.8427
09.11.2021,9.8381
09.11.2021,9.7331
08.11.2021,9.7254
08.11.2021,9.684
05.11.2021,9.6933
04.11.2021,9.6741
04.11.2021,9.7046
03.11.2021,9.6893
03.11.2021,9.6448
02.11.2021,9.6276
02.11.2021,9.6033
01.11.2021,9.6011
01.11.2021,9.5392
29.10.2021,9.608
28.10.2021,9.603
28.10.2021,9.5433
27.10.2021,9.5272
27.10.2021,9.4972
26.10.2021,9.4876
26.10.2021,9.5438
25.10.2021,9.535
25.10.2021,9.5884
22.10.2021,9.5988
21.10.2021,9.6083
21.10.2021,9.5193
20.10.2021,9.5257
20.10.2021,9.2195
19.10.2021,9.2125
19.10.2021,9.3016
18.10.2021,9.2908
18.10.2021,9.3343
15.10.2021,9.2683
14.10.2021,9.2517
14.10.2021,9.187
13.10.2021,9.172
13.10.2021,9.09
12.10.2021,9.1596
12.10.2021,9.0428
11.10.2021,9.028
11.10.2021,8.9997
10.10.2021,8.995
08.10.2021,8.9767
07.10.2021,8.9614
07.10.2021,8.8781
06.10.2021,8.8689
06.10.2021,8.8804
05.10.2021,8.8678
05.10.2021,8.8738
04.10.2021,8.8586
04.10.2021,8.8571
03.10.2021,8.8501
01.10.2021,8.8609
30.09.2021,8.8552
30.09.2021,8.8912
29.09.2021,8.8798
29.09.2021,8.9238
28.09.2021,8.9086
28.09.2021,8.8765
27.09.2021,8.864
27.09.2021,8.8224
26.09.2021,8.8161
24.09.2021,8.8836
23.09.2021,8.8786
23.09.2021,8.7679
22.09.2021,8.7559
22.09.2021,8.657
21.09.2021,8.6401
21.09.2021,8.6274
20.09.2021,8.623
20.09.2021,8.6717
19.09.2021,8.6591
17.09.2021,8.644
16.09.2021,8.6238
16.09.2021,8.5313
15.09.2021,8.5243
15.09.2021,8.4354
14.09.2021,8.4211
14.09.2021,8.4425
13.09.2021,8.4243
13.09.2021,8.4275
12.09.2021,8.4253
10.09.2021,8.4694
09.09.2021,8.4553
09.09.2021,8.4366
08.09.2021,8.4416
08.09.2021,8.4734
07.09.2021,8.47
07.09.2021,8.3527
06.09.2021,8.3416
06.09.2021,8.2821
05.09.2021,8.275
03.09.2021,8.3227
02.09.2021,8.3049
02.09.2021,8.2781
01.09.2021,8.2791
01.09.2021,8.296
31.08.2021,8.3041
31.08.2021,8.3164
30.08.2021,8.3014
30.08.2021,8.3799
29.08.2021,8.3863
27.08.2021,8.3537
26.08.2021,8.3434
26.08.2021,8.3925
25.08.2021,8.3746
25.08.2021,8.3787
24.08.2021,8.371
24.08.2021,8.4102
23.08.2021,8.4027
23.08.2021,8.4275
22.08.2021,8.4169
20.08.2021,8.4941
19.08.2021,8.4852
19.08.2021,8.5125
18.08.2021,8.5012
18.08.2021,8.4544
17.08.2021,8.4434
17.08.2021,8.4346
16.08.2021,8.4239
16.08.2021,8.4612
15.08.2021,8.4567
13.08.2021,8.5241
12.08.2021,8.5171
12.08.2021,8.5584
11.08.2021,8.5647
11.08.2021,8.6311
10.08.2021,8.6238
10.08.2021,8.6076
09.08.2021,8.5928
09.08.2021,8.654
08.08.2021,8.6481
06.08.2021,8.6306
05.08.2021,8.616
05.08.2021,8.529
04.08.2021,8.5171
04.08.2021,8.4784
03.08.2021,8.4749
03.08.2021,8.4085
02.08.2021,8.4013
02.08.2021,8.3529
01.08.2021,8.3513
30.07.2021,8.454
29.07.2021,8.4333
29.07.2021,8.4525
28.07.2021,8.4555
28.07.2021,8.5552
27.07.2021,8.5536
27.07.2021,8.5654
26.07.2021,8.5619
26.07.2021,8.5589
25.07.2021,8.5526
23.07.2021,8.5554
22.07.2021,8.5471
22.07.2021,8.562
21.07.2021,8.5615
21.07.2021,8.5635
20.07.2021,8.572
20.07.2021,8.572
19.07.2021,8.5574
19.07.2021,8.5816
18.07.2021,8.5772
16.07.2021,8.5237
15.07.2021,8.5144
15.07.2021,8.5705
14.07.2021,8.5664
14.07.2021,8.5919
13.07.2021,8.5774
13.07.2021,8.6255
12.07.2021,8.6078
12.07.2021,8.6409
11.07.2021,8.6363
09.07.2021,8.6607
08.07.2021,8.6461
08.07.2021,8.6955
07.07.2021,8.6887
07.07.2021,8.6903
06.07.2021,8.6812
06.07.2021,8.6919
05.07.2021,8.682
05.07.2021,8.6723
04.07.2021,8.6616
02.07.2021,8.6899
01.07.2021,8.6792
01.07.2021,8.6635
30.06.2021,8.6461
30.06.2021,8.7087
29.06.2021,8.6991
29.06.2021,8.7383
28.06.2021,8.731
28.06.2021,8.6898
27.06.2021,8.6843
25.06.2021,8.7659
24.06.2021,8.7493
24.06.2021,8.7088
23.06.2021,8.693
23.06.2021,8.6425
22.06.2021,8.6268
22.06.2021,8.6531
21.06.2021,8.6412
21.06.2021,8.7699
20.06.2021,8.7759
18.06.2021,8.7418
17.06.2021,8.7257
17.06.2021,8.7199
16.06.2021,8.7143
16.06.2021,8.6071
15.06.2021,8.6029
15.06.2021,8.5573
14.06.2021,8.5566
14.06.2021,8.4689
13.06.2021,8.452
11.06.2021,8.3868
10.06.2021,8.3818
10.06.2021,8.4269
09.06.2021,8.4238
09.06.2021,8.5882
08.06.2021,8.5806
08.06.2021,8.605
07.06.2021,8.6027
07.06.2021,8.5895
06.06.2021,8.6139
04.06.2021,8.6681
03.06.2021,8.6563
03.06.2021,8.7024
02.06.2021,8.6875
02.06.2021,8.5926
01.06.2021,8.581
01.06.2021,8.5369
31.05.2021,8.6685
31.05.2021,8.4896
30.05.2021,8.4793
28.05.2021,8.5576
27.05.2021,8.5484
27.05.2021,8.5017
26.05.2021,8.4844
26.05.2021,8.4563
25.05.2021,8.4512
25.05.2021,8.4593
24.05.2021,8.4412
24.05.2021,8.3882
23.05.2021,8.3878
21.05.2021,8.4177
20.05.2021,8.4066
20.05.2021,8.38
19.05.2021,8.3669
19.05.2021,8.4137
18.05.2021,8.4106
18.05.2021,8.3559
17.05.2021,8.3393
17.05.2021,8.3135
16.05.2021,8.3064
14.05.2021,8.4527
13.05.2021,8.4441
13.05.2021,8.5025
12.05.2021,8.5
12.05.2021,8.4311
11.05.2021,8.4194
11.05.2021,8.2883
10.05.2021,8.2875
10.05.2021,8.2783
09.05.2021,8.2562
07.05.2021,8.2386
06.05.2021,8.2388
06.05.2021,8.2828
05.05.2021,8.2664
05.05.2021,8.3175
04.05.2021,8.3186
04.05.2021,8.3288
03.05.2021,8.3047
03.05.2021,8.2515
02.05.2021,8.2435
30.04.2021,8.2884
29.04.2021,8.2735
29.04.2021,8.2216
28.04.2021,8.1935
28.04.2021,8.1995
27.04.2021,8.1833
27.04.2021,8.2169
26.04.2021,8.2023
26.04.2021,8.2837
25.04.2021,8.2751
23.04.2021,8.3786
22.04.2021,8.3758
22.04.2021,8.3243
21.04.2021,8.3101
21.04.2021,8.1896
20.04.2021,8.1847
20.04.2021,8.1163
19.04.2021,8.1062
19.04.2021,8.096
18.04.2021,8.081
16.04.2021,8.072
15.04.2021,8.0567
15.04.2021,8.0204
14.04.2021,8.0115
14.04.2021,8.0788
13.04.2021,8.0618
13.04.2021,8.1196
12.04.2021,8.0999
12.04.2021,8.1576
11.04.2021,8.1529
09.04.2021,8.1674
08.04.2021,8.1534
08.04.2021,8.1414
07.04.2021,8.1253
07.04.2021,8.1582
06.04.2021,8.1494
06.04.2021,8.1421
05.04.2021,8.1335
05.04.2021,8.1108
04.04.2021,8.1024
02.04.2021,8.1669
01.04.2021,8.1619
01.04.2021,8.1221
31.03.2021,8.1017
31.03.2021,8.2489
30.03.2021,8.2343
30.03.2021,8.3362
29.03.2021,8.3275
29.03.2021,8.2091
28.03.2021,8.249
26.03.2021,8.14
25.03.2021,8.0672
25.03.2021,7.9512
24.03.2021,7.9303
24.03.2021,7.9346
23.03.2021,7.9143
23.03.2021,7.9442
22.03.2021,7.938
22.03.2021,7.8013
21.03.2021,7.7639
19.03.2021,7.219
18.03.2021,7.214
18.03.2021,7.326
17.03.2021,7.3223
17.03.2021,7.5037
16.03.2021,7.4953
16.03.2021,7.4957
15.03.2021,7.4926
15.03.2021,7.5366
14.03.2021,7.5303
12.03.2021,7.5636
11.03.2021,7.5535
11.03.2021,7.4783
10.03.2021,7.4632
10.03.2021,7.5024
09.03.2021,7.4962
09.03.2021,7.6166
08.03.2021,7.6092
08.03.2021,7.7718
07.03.2021,7.7336
05.03.2021,7.5388
04.03.2021,7.5348
04.03.2021,7.5039
03.03.2021,7.4764
03.03.2021,7.4615
02.03.2021,7.4453
02.03.2021,7.3522
01.03.2021,7.3472
01.03.2021,7.2909
28.02.2021,7.2813
26.02.2021,7.4253
25.02.2021,7.4221
25.02.2021,7.3395
24.02.2021,7.3292
24.02.2021,7.1684
23.02.2021,7.1651
23.02.2021,7.107
22.02.2021,7.1054
22.02.2021,7.0194
21.02.2021,7.0171
19.02.2021,6.9637
18.02.2021,6.9532
18.02.2021,6.9678
17.02.2021,6.9711
17.02.2021,6.9737
16.02.2021,6.9725
16.02.2021,6.9913
15.02.2021,6.9841
15.02.2021,6.9634
14.02.2021,6.9573
12.02.2021,7.0369
11.02.2021,7.0319
11.02.2021,7.0255
10.02.2021,7.0235
10.02.2021,7.0618
09.02.2021,7.056
09.02.2021,7.0649
08.02.2021,7.0608
08.02.2021,7.0713
07.02.2021,7.0648
05.02.2021,7.0538
04.02.2021,7.0488
04.02.2021,7.1373
03.02.2021,7.1357
03.02.2021,7.162
02.02.2021,7.1526
02.02.2021,7.1967
01.02.2021,7.1865
01.02.2021,7.1946
31.01.2021,7.1876
29.01.2021,7.3149
28.01.2021,7.3102
28.01.2021,7.3406
27.01.2021,7.3481
27.01.2021,7.3968
26.01.2021,7.3918
26.01.2021,7.3479
25.01.2021,7.3402
25.01.2021,7.409
24.01.2021,7.3977
22.01.2021,7.4146
21.01.2021,7.4072
21.01.2021,7.3685
20.01.2021,7.3669
20.01.2021,7.4219
19.01.2021,7.4139
19.01.2021,7.4741
18.01.2021,7.4711
18.01.2021,7.4818
17.01.2021,7.4837
15.01.2021,7.4753
14.01.2021,7.4468
14.01.2021,7.3719
13.01.2021,7.3699
13.01.2021,7.4064
12.01.2021,7.4028
12.01.2021,7.4532
11.01.2021,7.4433
11.01.2021,7.4781
10.01.2021,7.4733
08.01.2021,7.3762
07.01.2021,7.3626
07.01.2021,7.3198
06.01.2021,7.3169
06.01.2021,7.3067
05.01.2021,7.3019
05.01.2021,7.3906
04.01.2021,7.3844
04.01.2021,7.4248
03.01.2021,7.4184
01.01.2021,7.4392
31.12.2020,7.4257
31.12.2020,7.437
30.12.2020,7.4257
30.12.2020,7.3823
29.12.2020,7.3837
29.12.2020,7.3865
28.12.2020,7.3815
28.12.2020,7.4466
27.12.2020,7.4342
25.12.2020,7.5575
24.12.2020,7.5835
24.12.2020,7.5797
23.12.2020,7.5835
23.12.2020,7.6411
22.12.2020,7.6343
22.12.2020,7.662
21.12.2020,7.636
21.12.2020,7.6541
20.12.2020,7.6501
18.12.2020,7.6289
17.12.2020,7.6217
17.12.2020,7.7009
16.12.2020,7.6944
16.12.2020,7.7991
15.12.2020,7.7944
15.12.2020,7.835
14.12.2020,7.8275
14.12.2020,7.8533
13.12.2020,7.847
11.12.2020,7.8612
10.12.2020,7.8545
10.12.2020,7.8884
09.12.2020,7.8785
09.12.2020,7.8266
08.12.2020,7.8208
08.12.2020,7.8155
07.12.2020,7.81
07.12.2020,7.8009
06.12.2020,7.8012
04.12.2020,7.8031
03.12.2020,7.7958
03.12.2020,7.7752
02.12.2020,7.766
02.12.2020,7.8522
01.12.2020,7.8439
01.12.2020,7.8288
30.11.2020,7.8203
30.11.2020,7.8324
29.11.2020,7.8094
27.11.2020,7.8352
26.11.2020,7.8332
26.11.2020,7.8711
25.11.2020,7.8691
25.11.2020,7.9317
24.11.2020,7.9358
24.11.2020,8.0022
23.11.2020,7.9975
23.11.2020,7.885
22.11.2020,7.8788
20.11.2020,7.6359
19.11.2020,7.6323
19.11.2020,7.5527
18.11.2020,7.5503
18.11.2020,7.706
17.11.2020,7.704
17.11.2020,7.7002
16.11.2020,7.7069
16.11.2020,7.6996
15.11.2020,7.6976
13.11.2020,7.6642
12.11.2020,7.6403
12.11.2020,7.6899
11.11.2020,7.6736
11.11.2020,7.7996
10.11.2020,7.7949
10.11.2020,8.1471
09.11.2020,8.1599
09.11.2020,8.0654
08.11.2020,8.0635
06.11.2020,8.525
05.11.2020,8.52
05.11.2020,8.4222
04.11.2020,8.4203
04.11.2020,8.4271
03.11.2020,8.4251
03.11.2020,8.4036
02.11.2020,8.3999
02.11.2020,8.422
01.11.2020,8.4191
30.10.2020,8.3468
29.10.2020,8.344
29.10.2020,8.2921
28.10.2020,8.2926
28.10.2020,8.2579
27.10.2020,8.2737
27.10.2020,8.1874
26.10.2020,8.1899
26.10.2020,8.0837
25.10.2020,8.0903
23.10.2020,7.9648
22.10.2020,7.961
22.10.2020,7.9351
21.10.2020,7.9447
21.10.2020,7.8121
20.10.2020,7.8083
20.10.2020,7.8657
19.10.2020,7.859
19.10.2020,7.8837
18.10.2020,7.879
16.10.2020,7.9344
15.10.2020,7.9313
15.10.2020,7.935
14.10.2020,7.9324
14.10.2020,7.9119
13.10.2020,7.9055
13.10.2020,7.9187
12.10.2020,7.9243
12.10.2020,7.8911
11.10.2020,7.885
09.10.2020,7.8593
08.10.2020,7.8565
08.10.2020,7.9446
07.10.2020,7.939
07.10.2020,7.8848
06.10.2020,7.8783
06.10.2020,7.7969
05.10.2020,7.7976
05.10.2020,7.7639
04.10.2020,7.762
02.10.2020,7.7748
01.10.2020,7.7534
01.10.2020,7.753
30.09.2020,7.7229
30.09.2020,7.7187
29.09.2020,7.7199
29.09.2020,7.8189
28.09.2020,7.8059
28.09.2020,7.8044
27.09.2020,7.7855
25.09.2020,7.6647
24.09.2020,7.664
24.09.2020,7.6256
23.09.2020,7.619
23.09.2020,7.7007
22.09.2020,7.6968
22.09.2020,7.6659
21.09.2020,7.6665
21.09.2020,7.6328
20.09.2020,7.6249
18.09.2020,7.5603
17.09.2020,7.5563
17.09.2020,7.5504
16.09.2020,7.541
16.09.2020,7.5074
15.09.2020,7.4847
15.09.2020,7.494
14.09.2020,7.489
14.09.2020,7.488
13.09.2020,7.4722
11.09.2020,7.4764
10.09.2020,7.4745
10.09.2020,7.4501
09.09.2020,7.4431
09.09.2020,7.4868
08.09.2020,7.479
08.09.2020,7.4849
07.09.2020,7.4847
07.09.2020,7.4562
06.09.2020,7.4536
04.09.2020,7.4371
03.09.2020,7.4402
03.09.2020,7.4365
02.09.2020,7.4466
02.09.2020,7.3862
01.09.2020,7.3765
01.09.2020,7.3692
31.08.2020,7.3634
31.08.2020,7.3506
30.08.2020,7.3365
28.08.2020,7.3349
27.08.2020,7.3329
27.08.2020,7.3617
26.08.2020,7.3374
26.08.2020,7.3702
25.08.2020,7.3607
25.08.2020,7.3933
24.08.2020,7.3936
24.08.2020,7.3788
23.08.2020,7.3741
21.08.2020,7.3386
20.08.2020,7.3315
20.08.2020,7.2978
19.08.2020,7.2957
19.08.2020,7.2925
18.08.2020,7.2871
18.08.2020,7.3736
17.08.2020,7.3738
17.08.2020,7.3837
16.08.2020,7.3853
14.08.2020,7.3698
13.08.2020,7.3513
13.08.2020,7.3384
12.08.2020,7.3291
12.08.2020,7.3316
11.08.2020,7.3221
11.08.2020,7.2291
10.08.2020,7.1842
10.08.2020,7.3349
09.08.2020,7.329
07.08.2020,7.2941
06.08.2020,7.2911
06.08.2020,7.2389
05.08.2020,7.2179
05.08.2020,7.0476
04.08.2020,7.0404
04.08.2020,6.9008
03.08.2020,6.9217
03.08.2020,6.9578
02.08.2020,6.9408
31.07.2020,6.9719
30.07.2020,6.9729
30.07.2020,6.9955
29.07.2020,6.9735
29.07.2020,6.9831
28.07.2020,6.9661
28.07.2020,6.9355
27.07.2020,6.9309
27.07.2020,6.8625
26.07.2020,6.8648
24.07.2020,6.8484
23.07.2020,6.8446
23.07.2020,6.8438
22.07.2020,6.8356
22.07.2020,6.8506
21.07.2020,6.8388
21.07.2020,6.8254
20.07.2020,6.8173
20.07.2020,6.8578
19.07.2020,6.8505
17.07.2020,6.8586
16.07.2020,6.8571
16.07.2020,6.8571
15.07.2020,6.8555
15.07.2020,6.8558
14.07.2020,6.8568
14.07.2020,6.8642
13.07.2020,6.8617
13.07.2020,6.8602
12.07.2020,6.8557
10.07.2020,6.8658
09.07.2020,6.8638
09.07.2020,6.862
08.07.2020,6.8602
08.07.2020,6.8605
07.07.2020,6.8606
07.07.2020,6.8595
06.07.2020,6.8533
06.07.2020,6.8609
05.07.2020,6.8574
03.07.2020,6.8624
02.07.2020,6.8571
02.07.2020,6.851
01.07.2020,6.85
01.07.2020,6.8479
30.06.2020,6.846
30.06.2020,6.8525
29.06.2020,6.8502
29.06.2020,6.8548
28.06.2020,6.8517
26.06.2020,6.8546
25.06.2020,6.8542
25.06.2020,6.8549
24.06.2020,6.8521
24.06.2020,6.8558
23.06.2020,6.8499
23.06.2020,6.8511
22.06.2020,6.8469
22.06.2020,6.8483
21.06.2020,6.8388
19.06.2020,6.853
18.06.2020,6.85
18.06.2020,6.8562
17.06.2020,6.8575
17.06.2020,6.8448
16.06.2020,6.8369
16.06.2020,6.8439
15.06.2020,6.8487
15.06.2020,6.8363
14.06.2020,6.8208
12.06.2020,6.8126
11.06.2020,6.8105
11.06.2020,6.8414
10.06.2020,6.8342
10.06.2020,6.7768
09.06.2020,6.7672
09.06.2020,6.7973
08.06.2020,6.7901
08.06.2020,6.7876
07.06.2020,6.7877
05.06.2020,6.77
04.06.2020,6.7589
04.06.2020,6.7558
03.06.2020,6.7474
03.06.2020,6.744
02.06.2020,6.7215
02.06.2020,6.7145
01.06.2020,6.7081
01.06.2020,6.8142
31.05.2020,6.8026
29.05.2020,6.8202
28.05.2020,6.8121
28.05.2020,6.8138
27.05.2020,6.8176
27.05.2020,6.7739
26.05.2020,6.7751
26.05.2020,6.7275
25.05.2020,6.7219
25.05.2020,6.81
24.05.2020,6.8105
22.05.2020,6.8147
21.05.2020,6.8123
21.05.2020,6.7915
20.05.2020,6.7845
20.05.2020,6.7912
19.05.2020,6.7829
19.05.2020,6.7775
18.05.2020,6.7686
18.05.2020,6.8851
17.05.2020,6.8805
15.05.2020,6.9012
14.05.2020,6.8994
14.05.2020,6.922
13.05.2020,6.922
13.05.2020,6.9748
12.05.2020,6.9704
12.05.2020,6.9971
11.05.2020,6.9907
11.05.2020,7.0762
10.05.2020,7.069
08.05.2020,7.084
07.05.2020,7.0802
07.05.2020,7.1195
06.05.2020,7.1224
06.05.2020,7.1968
05.05.2020,7.1986
05.05.2020,7.0746
04.05.2020,7.0665
04.05.2020,7.043
03.05.2020,7.0438
01.05.2020,7.012
30.04.2020,7.0047
30.04.2020,6.9864
29.04.2020,6.9867
29.04.2020,6.952
28.04.2020,6.9507
28.04.2020,6.9868
27.04.2020,6.9808
27.04.2020,6.9862
26.04.2020,6.9821
24.04.2020,6.9742
23.04.2020,6.9472
23.04.2020,6.9462
22.04.2020,6.9437
22.04.2020,6.9787
21.04.2020,6.9766
21.04.2020,6.9812
20.04.2020,6.9695
20.04.2020,6.9402
19.04.2020,6.9388
17.04.2020,6.9318
16.04.2020,6.9229
16.04.2020,6.9397
15.04.2020,6.9194
15.04.2020,6.9118
14.04.2020,6.9048
14.04.2020,6.8155
13.04.2020,6.8147
13.04.2020,6.7721
12.04.2020,6.7705
10.04.2020,6.7001
09.04.2020,6.688
09.04.2020,6.6746
08.04.2020,6.6765
08.04.2020,6.7737
07.04.2020,6.7648
07.04.2020,6.754
06.04.2020,6.7577
06.04.2020,6.7815
05.04.2020,6.7618
03.04.2020,6.731
02.04.2020,6.7348
02.04.2020,6.6153
01.04.2020,6.6288
01.04.2020,6.7029
31.03.2020,6.7086
31.03.2020,6.6143
30.03.2020,6.6139
30.03.2020,6.5773
29.03.2020,6.5652
27.03.2020,6.455
26.03.2020,6.453
26.03.2020,6.3979
25.03.2020,6.392
25.03.2020,6.4169
24.03.2020,6.4161
24.03.2020,6.4203
23.03.2020,6.4109
23.03.2020,6.5617
22.03.2020,6.5552
20.03.2020,6.5525
19.03.2020,6.5472
19.03.2020,6.5439
18.03.2020,6.5403
18.03.2020,6.4858
17.03.2020,6.4786
17.03.2020,6.3974
16.03.2020,6.3951
16.03.2020,6.4315
15.03.2020,6.4222
13.03.2020,6.3321
12.03.2020,6.3283
12.03.2020,6.3159
11.03.2020,6.3118
11.03.2020,6.2091
10.03.2020,6.2108
10.03.2020,6.1575
09.03.2020,6.1757
09.03.2020,6.1442
08.03.2020,6.1538
06.03.2020,6.0919
05.03.2020,6.0899
05.03.2020,6.1105
04.03.2020,6.1097
04.03.2020,6.0773
03.03.2020,6.0731
03.03.2020,6.107
02.03.2020,6.1034
02.03.2020,6.1743
01.03.2020,6.1713
28.02.2020,6.2427
27.02.2020,6.2371
27.02.2020,6.2078
26.02.2020,6.2067
26.02.2020,6.159
25.02.2020,6.1547
25.02.2020,6.1441
24.02.2020,6.1413
24.02.2020,6.1177
23.02.2020,6.1144
21.02.2020,6.0964
20.02.2020,6.0963
20.02.2020,6.1004
19.02.2020,6.0959
19.02.2020,6.0823
18.02.2020,6.079
18.02.2020,6.0642
17.02.2020,6.0595
17.02.2020,6.0449
16.02.2020,6.0427
14.02.2020,6.0505
13.02.2020,6.055
13.02.2020,6.0405
12.02.2020,6.0352
12.02.2020,6.042
11.02.2020,6.0437
11.02.2020,6.0163
10.02.2020,6.0029
10.02.2020,6.0108
09.02.2020,6.0048
07.02.2020,6.0153
06.02.2020,6.0143
06.02.2020,5.9874
05.02.2020,5.9858
05.02.2020,5.9827
04.02.2020,5.9799
04.02.2020,5.9801
03.02.2020,5.9778
03.02.2020,5.9844
02.02.2020,5.9839
31.01.2020,5.9822
30.01.2020,5.9812
30.01.2020,5.9725
29.01.2020,5.9698
29.01.2020,5.9567
28.01.2020,5.9566
28.01.2020,5.9403
27.01.2020,5.9396
27.01.2020,5.944
26.01.2020,5.9389
24.01.2020,5.9391
23.01.2020,5.9378
23.01.2020,5.9344
22.01.2020,5.9323
22.01.2020,5.9222
21.01.2020,5.9209
21.01.2020,5.9376
20.01.2020,5.9348
20.01.2020,5.9132
19.01.2020,5.9099
17.01.2020,5.8908
16.01.2020,5.8857
16.01.2020,5.8597
15.01.2020,5.8547
15.01.2020,5.8758
14.01.2020,5.8728
14.01.2020,5.8819
13.01.2020,5.8798
13.01.2020,5.8671
12.01.2020,5.8657
10.01.2020,5.8777
09.01.2020,5.8767
09.01.2020,5.8739
08.01.2020,5.8723
08.01.2020,5.9091
07.01.2020,5.905
07.01.2020,5.9727
06.01.2020,5.9706
06.01.2020,5.969
05.01.2020,5.9674
03.01.2020,5.9723
02.01.2020,5.9712
02.01.2020,5.9566
01.01.2020,5.954
01.01.2020,5.9466
31.12.2019,5.9433
31.12.2019,5.9489
30.12.2019,5.9479
30.12.2019,5.9479
29.12.2019,5.9462
27.12.2019,5.9502
26.12.2019,5.9441
26.12.2019,5.9335
25.12.2019,5.931
25.12.2019,5.935
24.12.2019,5.9351
24.12.2019,5.9468
23.12.2019,5.946
23.12.2019,5.9486
22.12.2019,5.947
20.12.2019,5.94
19.12.2019,5.933
19.12.2019,5.9417
18.12.2019,5.9392
18.12.2019,5.9261
17.12.2019,5.9256
17.12.2019,5.886
16.12.2019,5.8835
16.12.2019,5.8498
15.12.2019,5.8484
13.12.2019,5.8082
12.12.2019,5.8072
12.12.2019,5.7914
11.12.2019,5.789
11.12.2019,5.8074
10.12.2019,5.7984
10.12.2019,5.8057
09.12.2019,5.805
09.12.2019,5.8113
08.12.2019,5.8073
06.12.2019,5.7766
05.12.2019,5.774
05.12.2019,5.7485
04.12.2019,5.7453
04.12.2019,5.7508
03.12.2019,5.7486
03.12.2019,5.7431
02.12.2019,5.7414
02.12.2019,5.7415
01.12.2019,5.738
29.11.2019,5.747
28.11.2019,5.746
28.11.2019,5.7585
27.11.2019,5.7541
27.11.2019,5.7779
26.11.2019,5.7745
26.11.2019,5.7597
25.11.2019,5.7552
25.11.2019,5.7416
24.11.2019,5.7388
22.11.2019,5.7132
21.11.2019,5.7122
21.11.2019,5.6966
20.11.2019,5.6943
20.11.2019,5.6997
19.11.2019,5.6954
19.11.2019,5.699
18.11.2019,5.7369
15.11.2019,5.7453
14.11.2019,5.7477
13.11.2019,5.7403
12.11.2019,5.7776
11.11.2019,5.7733
08.11.2019,5.7668
07.11.2019,5.7522
06.11.2019,5.7508
05.11.2019,5.7532
04.11.2019,5.7387
01.11.2019,5.7124
31.10.2019,5.713
30.10.2019,5.702
29.10.2019,5.7372
28.10.2019,5.7312
25.10.2019,5.7748
24.10.2019,5.7647
23.10.2019,5.7351
22.10.2019,5.8084
21.10.2019,5.8582
18.10.2019,5.7919
17.10.2019,5.8299
16.10.2019,5.887
15.10.2019,5.9164
14.10.2019,5.9271
11.10.2019,5.8853
10.10.2019,5.8365
09.10.2019,5.8712
08.10.2019,5.831
07.10.2019,5.8328
04.10.2019,5.6962
03.10.2019,5.6947
02.10.2019,5.702
01.10.2019,5.7231
30.09.2019,5.6489
27.09.2019,5.6708
26.09.2019,5.6655
25.09.2019,5.6706
24.09.2019,5.6973
23.09.2019,5.7174
20.09.2019,5.7439
19.09.2019,5.7187
18.09.2019,5.6768
17.09.2019,5.7016
16.09.2019,5.7289
13.09.2019,5.6861
12.09.2019,5.6566
11.09.2019,5.7515
10.09.2019,5.7683
09.09.2019,5.75
06.09.2019,5.7155
05.09.2019,5.6917
04.09.2019,5.667
03.09.2019,5.7293
02.09.2019,5.8068
30.08.2019,5.8306
29.08.2019,5.84
28.08.2019,5.8134
27.08.2019,5.8276
26.08.2019,5.8252
23.08.2019,5.7599
22.08.2019,5.7688
21.08.2019,5.7162
20.08.2019,5.729
19.08.2019,5.6609
16.08.2019,5.5785
15.08.2019,5.568
14.08.2019,5.6128
13.08.2019,5.5629
12.08.2019,5.564
09.08.2019,5.4917
08.08.2019,5.4781
07.08.2019,5.4938
06.08.2019,5.5209
05.08.2019,5.5715
02.08.2019,5.5597
01.08.2019,5.6038
31.07.2019,5.5864
30.07.2019,5.5597
29.07.2019,5.6148
26.07.2019,5.6718
25.07.2019,5.7027
24.07.2019,5.7085
23.07.2019,5.7178
22.07.2019,5.677
19.07.2019,5.6551
18.07.2019,5.6181
17.07.2019,5.6842
16.07.2019,5.7118
15.07.2019,5.7148
12.07.2019,5.72
11.07.2019,5.6734
10.07.2019,5.6741
09.07.2019,5.7323
08.07.2019,5.7367
05.07.2019,5.6288
04.07.2019,5.5953
03.07.2019,5.6249
02.07.2019,5.6528
01.07.2019,5.6507
28.06.2019,5.7921
27.06.2019,5.7725
26.06.2019,5.7749
25.06.2019,5.7949
24.06.2019,5.809
21.06.2019,5.8214
20.06.2019,5.7644
19.06.2019,5.7913
18.06.2019,5.8284
17.06.2019,5.8733
14.06.2019,5.9015
13.06.2019,5.8682
12.06.2019,5.808
11.06.2019,5.7976
10.06.2019,5.7747
07.06.2019,5.831
06.06.2019,5.7801
05.06.2019,5.731
04.06.2019,5.7825
03.06.2019,5.8339
31.05.2019,5.8382
30.05.2019,5.8772
29.05.2019,6.0121
28.05.2019,6.0319
27.05.2019,6.0629
24.05.2019,6.0825
23.05.2019,6.0964
22.05.2019,6.1002
21.05.2019,6.0525
20.05.2019,6.0272
17.05.2019,6.055
16.05.2019,6.0457
15.05.2019,6.0007
14.05.2019,6.0306
13.05.2019,6.0594
10.05.2019,5.985
09.05.2019,6.1926
08.05.2019,6.186
07.05.2019,6.1511
06.05.2019,6.0803
03.05.2019,5.9648
02.05.2019,5.9645
01.05.2019,5.9665
30.04.2019,5.9656
29.04.2019,5.9483
26.04.2019,5.9382
25.04.2019,5.9268
24.04.2019,5.8753
23.04.2019,5.8287
22.04.2019,5.8272
19.04.2019,5.8112
18.04.2019,5.8018
17.04.2019,5.7387
16.04.2019,5.7704
15.04.2019,5.8041
12.04.2019,5.7693
11.04.2019,5.7388
10.04.2019,5.6818
09.04.2019,5.6943
08.04.2019,5.6903
05.04.2019,5.6262
04.04.2019,5.5924
03.04.2019,5.626
02.04.2019,5.605
01.04.2019,5.4863
29.03.2019,5.5555
28.03.2019,5.561
27.03.2019,5.3278
26.03.2019,5.3279
25.03.2019,5.5503
22.03.2019,5.7627
21.03.2019,5.4652
20.03.2019,5.4208
19.03.2019,5.4764
18.03.2019,5.4683
15.03.2019,5.4467
14.03.2019,5.4671
13.03.2019,5.4564
12.03.2019,5.4572
11.03.2019,5.4455
08.03.2019,5.4303
07.03.2019,5.4712
06.03.2019,5.4288
