Tarih,imdi,Açılış,Yüksek,Düşük,Hac.,Fark 
04.04.2023,19.2271,19.2122,19.2325,19.19,31.99,0.09
03.04.2023,19.2097,19.1993,19.2426,19.175,62.06,0.05
02.04.2023,19.1999,19.1863,19.2167,19.1829,5.29,0.11
31.03.2023,19.1793,19.1877,19.2141,19.1628,46.51,-0.01
30.03.2023,19.181,19.1517,19.2135,19.123,39.19,0.15
29.03.2023,19.1515,19.1246,19.311,19.104,58.12,0.13
28.03.2023,19.1262,19.0964,19.4223,19.0491,45.08,0.11
27.03.2023,19.1043,19.0854,19.3452,19.017,50.69,0.30
24.03.2023,19.0477,19.0608,19.2817,18.9933,32.22,-0.07
23.03.2023,19.0609,19.05,19.1975,18.944,35.04,0.07
22.03.2023,19.048,19.0294,19.2033,18.9447,29.2,0.08
21.03.2023,19.0336,19.0184,19.057,18.9408,35.22,0.09
20.03.2023,19.0171,19.0184,19.0325,18.996,38.93,-0.02
17.03.2023,19.0208,19.0094,19.0429,18.985,32.52,0.08
16.03.2023,19.0061,18.9922,19.0771,18.7525,41.85,0.07
15.03.2023,18.9921,18.979,19.313,18.8919,59.55,0.06
14.03.2023,18.9808,18.9745,19.009,18.8618,38.95,0.02
13.03.2023,18.9763,18.9747,19.074,18.7165,37.66,0.08
10.03.2023,18.9617,18.9704,19.0372,18.6888,53.44,0.01
09.03.2023,18.9598,18.9481,19.0478,18.74,74.29,0.06
08.03.2023,18.9478,18.9256,19.0295,18.9055,78.95,0.12
07.03.2023,18.9243,18.9225,18.9911,18.8556,64.89,0.15
06.03.2023,18.8955,18.9025,18.9293,18.8004,65.89,0.35
03.03.2023,18.8288,18.8947,18.9265,18.787,66.89,-0.33
02.03.2023,18.8908,18.888,18.9367,18.7979,67.89,0.01
01.03.2023,18.8884,18.8872,18.9009,18.866,68.89,0.01
28.02.2023,18.8874,18.889,18.9294,18.8655,69.89,0.00
27.02.2023,18.8866,18.8869,19.0081,18.759,70.89,0.07
24.02.2023,18.8731,18.8854,18.9399,18.7854,71.89,0.00
23.02.2023,18.8735,18.8799,18.9601,18.781,72.89,-0.03
22.02.2023,18.8799,18.8665,18.9413,18.7735,73.89,0.04
21.02.2023,18.8715,18.8834,18.9128,18.6897,,0.02
20.02.2023,18.867,18.8556,18.9133,18.8107,,-0.04
20.02.2023,18.8748,18.8561,18.8946,18.6861,,0.24
17.02.2023,18.8297,18.8481,18.8922,18.68,,0.19
16.02.2023,18.7934,18.8463,18.8917,18.7934,,-0.29
16.02.2023,18.8483,18.8453,18.8843,18.6713,,0.05
15.02.2023,18.838,18.8529,18.9003,18.8289,,-0.07
15.02.2023,18.8513,18.8499,18.9164,18.6654,,-0.02
14.02.2023,18.8551,18.8287,18.9348,18.8013,,0.08
14.02.2023,18.8396,18.8422,18.8669,18.6581,,0.09
13.02.2023,18.823,18.8195,18.8734,18.8053,,-0.09
13.02.2023,18.839,18.8207,18.8584,18.6372,,0.08
10.02.2023,18.8241,18.832,18.8693,18.6404,,0.06
09.02.2023,18.8131,18.8199,18.8559,18.7931,,-0.08
09.02.2023,18.8291,18.8331,18.8458,18.6572,,0.09
08.02.2023,18.8129,18.8239,18.8469,18.7933,,-0.08
08.02.2023,18.8285,18.8251,18.8604,18.6514,,0.12
07.02.2023,18.8062,18.8147,18.8612,18.7837,,-0.09
07.02.2023,18.8229,18.8279,18.849,18.6383,,0.04
06.02.2023,18.8147,18.7661,18.8575,18.7661,,-0.05
06.02.2023,18.8241,18.8276,18.8555,18.6464,,0.00
03.02.2023,18.8236,18.7941,18.8654,18.638,,0.03
02.02.2023,18.8186,18.8031,18.87,18.7782,,0.06
02.02.2023,18.8064,18.8157,18.836,18.6424,,0.02
01.02.2023,18.8023,18.7964,18.832,18.7645,,-0.01
01.02.2023,18.8051,18.8152,18.8559,18.6337,,0.20
31.01.2023,18.7677,18.7775,18.8762,18.7569,,-0.23
31.01.2023,18.8115,18.7934,18.8388,18.6111,,0.03
30.01.2023,18.8056,18.7722,18.8455,18.7534,,0.08
30.01.2023,18.7901,18.8139,18.8578,18.628,,-0.11
27.01.2023,18.8109,18.7989,18.821,18.627,,0.13
26.01.2023,18.786,18.7745,18.8242,18.762,,-0.09
26.01.2023,18.8038,18.7998,18.8295,18.6305,,0.05
25.01.2023,18.7947,18.7896,18.822,18.7557,,-0.01
25.01.2023,18.7972,18.8188,18.8567,18.642,,0.12
24.01.2023,18.7754,18.8096,18.8434,18.7603,,-0.26
24.01.2023,18.825,18.8064,18.8267,18.542,,0.15
23.01.2023,18.7975,18.803,18.8341,18.7151,,-0.07
23.01.2023,18.8102,18.7639,18.8446,18.621,,0.26
20.01.2023,18.7614,18.7615,18.8474,18.6175,,0.02
19.01.2023,18.7579,18.7506,18.8422,18.7079,,-0.01
19.01.2023,18.7601,18.7594,18.8056,18.6123,,0.01
18.01.2023,18.7575,18.7571,18.804,18.714,,-0.02
18.01.2023,18.7608,18.7496,18.8051,18.603,,0.01
17.01.2023,18.7588,18.7443,18.8123,18.7051,,0.04
17.01.2023,18.7504,18.8285,18.8457,18.646,,0.19
16.01.2023,18.7155,18.7772,18.8145,18.698,,-0.44
16.01.2023,18.7977,18.8021,18.8369,18.606,,-0.03
13.01.2023,18.8035,18.79,18.8441,18.6219,,0.11
12.01.2023,18.7824,18.7593,18.8505,18.7474,,0.01
12.01.2023,18.7807,18.7853,18.7988,18.6058,,0.01
11.01.2023,18.7785,18.7814,18.7865,18.7006,,0.01
11.01.2023,18.7775,18.7775,18.8276,18.5971,,0.08
10.01.2023,18.7633,18.764,18.8429,18.7061,,-0.08
10.01.2023,18.7776,18.7733,18.7971,18.5347,,0.08
09.01.2023,18.7622,18.7652,18.8013,18.5565,,-0.07
09.01.2023,18.7758,18.7405,18.8248,18.5526,,0.11
06.01.2023,18.7544,18.7622,18.7984,18.586,,0.01
05.01.2023,18.7524,18.7178,18.8204,18.6736,,-0.07
05.01.2023,18.7655,18.7445,18.7868,18.5599,,0.15
04.01.2023,18.7378,18.7224,18.8135,18.7224,,-0.03
04.01.2023,18.7432,18.7139,18.7723,18.5535,,0.11
03.01.2023,18.7224,18.7151,18.8124,18.6837,,-0.03
03.01.2023,18.7284,18.73,18.7682,18.5406,,0.16
02.01.2023,18.6979,18.694,18.8064,18.6711,,-0.09
02.01.2023,18.7148,18.6962,18.7542,18.5378,,0.13
30.12.2022,18.6905,18.696,18.7238,18.5262,,0.01
29.12.2022,18.6877,18.7028,18.7504,18.6691,,-0.12
29.12.2022,18.7096,18.7319,18.7464,18.5486,,0.11
28.12.2022,18.6889,18.7009,18.7467,18.6688,,-0.16
28.12.2022,18.718,18.6692,18.7465,18.4954,,0.22
27.12.2022,18.6777,18.6669,18.7736,18.6151,,-0.13
27.12.2022,18.702,18.6948,18.83,18.5282,,0.19
26.12.2022,18.667,18.6603,18.7948,18.6164,,-0.11
26.12.2022,18.6878,18.6831,18.7533,18.474,,0.12
23.12.2022,18.6657,18.6442,18.7217,18.486,,0.05
22.12.2022,18.657,18.6422,18.7208,18.6115,,-0.04
22.12.2022,18.6653,18.5048,18.7097,18.5029,,0.12
21.12.2022,18.6424,18.622,18.7042,18.6219,,-0.18
21.12.2022,18.6769,18.6501,18.707,18.475,,0.14
20.12.2022,18.6502,18.6479,18.7076,18.5987,,-0.06
20.12.2022,18.6621,18.656,18.6898,18.4811,,0.12
19.12.2022,18.6406,18.6353,18.6833,18.6219,,-0.06
19.12.2022,18.6526,18.478,18.6742,18.477,,0.07
16.12.2022,18.6393,18.6274,18.676,18.463,,-0.04
15.12.2022,18.646,18.6264,18.681,18.5957,,0.02
15.12.2022,18.6418,18.6295,18.6662,18.434,,0.21
14.12.2022,18.6031,18.5954,18.6791,18.554,,-0.13
14.12.2022,18.6282,18.6197,18.6587,18.419,,0.13
13.12.2022,18.6035,18.597,18.6685,18.5361,,0.15
13.12.2022,18.575,18.7922,18.8685,18.573,,0.02
12.12.2022,18.5717,18.6241,18.7085,18.5362,,-0.37
12.12.2022,18.64,18.6504,18.6814,18.4485,,-0.07
09.12.2022,18.6538,18.6408,18.6743,18.4535,,0.02
08.12.2022,18.6503,18.6113,18.6905,18.6113,,0.04
08.12.2022,18.6427,18.6467,18.6685,18.4573,,0.10
07.12.2022,18.6243,18.6203,18.686,18.6115,,-0.09
07.12.2022,18.6404,18.6294,18.6559,18.4439,,0.11
06.12.2022,18.6203,18.617,18.6565,18.5964,,-0.06
06.12.2022,18.6323,18.6266,18.6585,18.4503,,0.04
05.12.2022,18.6248,18.6346,18.66,18.5997,,-0.10
05.12.2022,18.6434,18.6501,18.7123,18.4557,,0.06
02.12.2022,18.633,18.6339,18.6915,18.4527,,0.01
01.12.2022,18.6303,18.6277,18.7069,18.6096,,-0.04
01.12.2022,18.6377,18.5964,18.6705,18.4454,,0.14
30.11.2022,18.6115,18.6099,18.6913,18.5756,,0.00
30.11.2022,18.6121,18.6563,18.6856,18.4826,,0.12
29.11.2022,18.5895,18.6567,18.726,18.5848,,-0.27
29.11.2022,18.6394,18.6185,18.6769,18.419,,0.14
28.11.2022,18.6138,18.6005,18.6863,18.5846,,-0.09
28.11.2022,18.6305,18.602,18.6528,18.448,,0.21
25.11.2022,18.5913,18.6091,18.6587,18.4462,,0.05
24.11.2022,18.5816,18.5795,18.6619,18.5707,,-0.15
24.11.2022,18.6103,18.6176,18.6661,18.4397,,0.03
23.11.2022,18.6046,18.6058,18.6457,18.5819,,-0.07
23.11.2022,18.6174,18.6208,18.6418,18.4291,,0.07
22.11.2022,18.6037,18.6081,18.6313,18.5786,,-0.05
22.11.2022,18.6135,18.6151,18.6556,18.4293,,0.17
21.11.2022,18.5819,18.6073,18.6469,18.5709,,-0.21
21.11.2022,18.6212,18.6267,18.6544,18.4054,,-0.01
18.11.2022,18.6236,18.5861,18.6628,18.4567,,0.19
17.11.2022,18.5889,18.5445,18.6321,18.5337,,0.01
17.11.2022,18.5878,18.6199,18.65,18.45,,0.15
16.11.2022,18.5599,18.592,18.628,18.5429,,-0.27
16.11.2022,18.6094,18.6187,18.6555,18.4324,,0.03
15.11.2022,18.6036,18.588,18.6612,18.5565,,-0.04
15.11.2022,18.6106,18.5924,18.6411,18.4167,,0.05
14.11.2022,18.6017,18.5846,18.6494,18.5427,,-0.09
14.11.2022,18.618,18.5915,18.6549,18.3854,,0.21
11.11.2022,18.5784,18.4911,18.5929,18.2909,,0.04
10.11.2022,18.5717,18.4593,18.5848,18.4576,,0.45
10.11.2022,18.4892,18.5833,18.6364,18.3884,,0.16
09.11.2022,18.4593,18.5678,18.6728,18.4592,,-0.71
09.11.2022,18.5907,18.5335,18.6203,18.367,,0.12
08.11.2022,18.5686,18.5191,18.6462,18.4966,,0.18
08.11.2022,18.5361,18.4509,18.6177,18.3277,,0.04
07.11.2022,18.5284,18.4374,18.61,18.4071,,0.45
07.11.2022,18.4452,18.5677,18.6282,18.3935,,-0.66
04.11.2022,18.5684,18.617,18.6711,18.4128,,0.01
03.11.2022,18.5657,18.5929,18.6794,18.491,,-0.28
03.11.2022,18.6176,18.6234,18.6442,18.4322,,0.08
02.11.2022,18.6021,18.5842,18.6576,18.5842,,-0.14
02.11.2022,18.6289,18.5722,18.651,18.431,,0.15
01.11.2022,18.6019,18.5549,18.664,18.544,,0.10
01.11.2022,18.5833,18.6094,18.6744,18.4646,,0.16
31.10.2022,18.5535,18.6006,18.6773,18.4801,,-0.33
31.10.2022,18.6151,18.6121,18.6726,18.4531,,0.17
28.10.2022,18.5835,18.5999,18.6416,18.4163,,0.01
27.10.2022,18.5813,18.5864,18.6617,18.5542,,-0.10
27.10.2022,18.5996,18.6021,18.6502,18.3292,,-0.11
26.10.2022,18.6209,18.6037,18.662,18.5369,,0.09
26.10.2022,18.6042,18.6161,18.6418,18.4301,,0.14
25.10.2022,18.5784,18.59,18.6375,18.5196,,-0.13
25.10.2022,18.6028,18.6181,18.6394,18.4322,,0.08
24.10.2022,18.588,18.5486,18.6527,18.5198,,-0.10
24.10.2022,18.6067,18.5941,18.6338,18.4071,,0.05
21.10.2022,18.5965,18.5938,18.6308,18.4021,,0.04
20.10.2022,18.5884,18.5787,18.6262,18.5341,,-0.05
20.10.2022,18.5973,18.5954,18.6222,18.4045,,0.13
19.10.2022,18.5732,18.5736,18.643,18.5236,,-0.09
19.10.2022,18.5907,18.5849,18.6156,18.389,,0.04
18.10.2022,18.5829,18.5822,18.6249,18.5506,,-0.02
18.10.2022,18.5872,18.5682,18.6119,18.4018,,0.00
17.10.2022,18.5875,18.6074,18.6342,18.5237,,0.03
17.10.2022,18.581,18.591,18.6161,18.421,,0.04
14.10.2022,18.574,18.5676,18.609,18.3996,,0.08
13.10.2022,18.5585,18.5289,18.6033,18.5289,,0.01
13.10.2022,18.5564,18.5971,18.6256,18.4295,,0.12
12.10.2022,18.535,18.5046,18.591,18.4883,,-0.19
12.10.2022,18.5698,18.6011,18.6208,18.4067,,0.22
11.10.2022,18.5291,18.5797,18.6236,18.4888,,-0.34
11.10.2022,18.5922,18.5781,18.6687,18.3987,,0.08
10.10.2022,18.5775,18.5492,18.6644,18.5105,,-0.01
10.10.2022,18.5795,18.5658,18.6369,18.3959,,-0.01
07.10.2022,18.5821,18.5921,18.66,18.42,,0.11
06.10.2022,18.562,18.5799,18.6485,18.5281,,-0.07
06.10.2022,18.5755,18.568,18.6227,18.3917,,-0.04
05.10.2022,18.582,18.5568,18.6537,18.5344,,0.12
05.10.2022,18.5595,18.7385,18.8167,18.5565,,0.02
04.10.2022,18.5565,18.536,18.6463,18.5188,,-0.12
04.10.2022,18.5779,18.5556,18.6001,18.2411,,0.25
03.10.2022,18.5309,18.5219,18.6264,18.4275,,-0.08
03.10.2022,18.5448,18.4865,18.571,18.342,,0.23
30.09.2022,18.5024,18.4986,18.5567,18.3424,,0.01
29.09.2022,18.5,18.4944,18.5715,18.4447,,0.01
29.09.2022,18.4987,18.5089,18.5516,18.3826,,0.25
28.09.2022,18.4519,18.4679,18.5592,18.4363,,-0.30
28.09.2022,18.507,18.3982,18.553,18.303,,-0.16
27.09.2022,18.5367,18.43,18.5713,18.3846,,0.53
27.09.2022,18.4382,18.4366,18.5276,18.283,,0.05
26.09.2022,18.4297,18.4475,18.5823,18.3863,,-0.15
26.09.2022,18.4577,18.424,18.5008,18.284,,0.23
23.09.2022,18.4156,18.3183,18.4215,18.1726,,0.01
22.09.2022,18.4131,18.3127,18.4627,18.2905,,0.39
22.09.2022,18.3421,18.3444,18.4081,18.1859,,0.12
21.09.2022,18.3204,18.3154,18.41,18.2954,,-0.04
21.09.2022,18.3279,18.3057,18.3445,18.1379,,0.13
20.09.2022,18.3034,18.2964,18.3604,18.2865,,-0.02
20.09.2022,18.3074,18.2768,18.3374,18.1159,,0.00
19.09.2022,18.308,18.2922,18.3457,18.274,,0.12
19.09.2022,18.2853,18.2565,18.307,18.104,,0.16
16.09.2022,18.2564,18.266,18.2904,18.0771,,0.01
15.09.2022,18.2543,18.24,18.2947,18.2227,,-0.06
15.09.2022,18.2661,18.2347,18.2833,18.0803,,0.05
14.09.2022,18.257,18.2282,18.2933,18.2165,,0.10
14.09.2022,18.2384,18.2488,18.2673,18.0803,,0.07
13.09.2022,18.2254,18.2512,18.2666,18.2119,,-0.13
13.09.2022,18.2498,18.2217,18.2693,18.0599,,0.04
12.09.2022,18.2418,18.2235,18.2885,18.2075,,0.10
12.09.2022,18.2244,18.2276,18.2552,18.0752,,-0.07
09.09.2022,18.2364,18.2316,18.255,18.061,,0.02
08.09.2022,18.2334,18.2261,18.2769,18.1865,,0.00
08.09.2022,18.2328,18.2225,18.2477,18.0506,,0.04
07.09.2022,18.2253,18.2199,18.261,18.1967,,-0.01
07.09.2022,18.2275,18.2244,18.257,18.065,,0.06
06.09.2022,18.217,18.2166,18.2685,18.1695,,-0.04
06.09.2022,18.2246,18.2209,18.2604,18.048,,0.05
05.09.2022,18.2153,18.2042,18.2838,18.1835,,-0.02
05.09.2022,18.219,18.2004,18.2413,18.0592,,0.10
02.09.2022,18.2007,18.2227,18.2865,18.0701,,-0.27
01.09.2022,18.2491,18.1975,18.2589,18.1636,,0.24
01.09.2022,18.2048,18.1981,18.2248,18.1495,,0.00
31.08.2022,18.205,18.1797,18.2311,18.1345,,0.04
31.08.2022,18.1978,18.176,18.237,18.026,,0.15
30.08.2022,18.1712,18.1518,18.2273,18.1272,,-0.07
30.08.2022,18.1844,18.1951,18.2193,18.1427,,0.18
29.08.2022,18.152,18.173,18.2154,18.1249,,-0.17
29.08.2022,18.1822,18.1647,18.2,18.018,,0.11
26.08.2022,18.1629,18.1863,18.2206,17.9996,,0.11
25.08.2022,18.1433,18.142,18.2083,18.1377,,-0.14
25.08.2022,18.1689,18.1501,18.1787,17.9637,,0.08
24.08.2022,18.1544,18.1394,18.185,18.1225,,0.01
24.08.2022,18.1517,18.1217,18.1771,17.943,,0.08
23.08.2022,18.1378,18.0756,18.1685,18.0756,,0.15
23.08.2022,18.1114,18.0692,18.1431,17.9391,,0.11
22.08.2022,18.092,18.0278,18.1366,18.0192,,0.10
22.08.2022,18.0731,18.1009,18.1742,17.9661,,-0.08
19.08.2022,18.087,18.0058,18.1281,17.905,,0.01
18.08.2022,18.085,18.0587,18.1261,18.0385,,0.28
18.08.2022,18.0344,17.9609,18.1654,17.7969,,-0.12
17.08.2022,18.0561,17.9345,18.1655,17.9235,,0.59
17.08.2022,17.9506,17.9224,17.9803,17.7847,,0.09
16.08.2022,17.9342,17.9042,18.0056,17.8999,,0.01
16.08.2022,17.9332,17.9723,17.9901,17.7936,,0.18
15.08.2022,17.9004,17.9482,17.9703,17.8855,,-0.33
15.08.2022,17.9599,17.9373,17.9766,17.7279,,0.13
12.08.2022,17.9363,17.9369,17.9792,17.7099,,0.02
11.08.2022,17.9324,17.9368,17.9753,17.9074,,-0.07
11.08.2022,17.945,17.878,17.9748,17.7444,,0.12
10.08.2022,17.9231,17.8474,17.9658,17.8041,,0.26
10.08.2022,17.8758,17.9018,17.9667,17.715,,0.40
09.08.2022,17.8049,17.8944,17.9795,17.8049,,-0.58
09.08.2022,17.9081,17.9414,17.9839,17.5744,,0.08
08.08.2022,17.8944,17.9411,17.9726,17.8381,,-0.23
08.08.2022,17.9356,17.9316,18.0027,17.773,,0.13
05.08.2022,17.9126,17.9231,17.9745,17.7335,,0.01
04.08.2022,17.9101,17.8943,17.998,17.8883,,-0.10
04.08.2022,17.9273,17.9436,17.9789,17.7255,,0.17
03.08.2022,17.8972,17.9144,17.9869,17.892,,-0.24
03.08.2022,17.9404,17.9434,18.0015,17.7717,,0.15
02.08.2022,17.9144,17.9328,18.0863,17.9125,,-0.17
02.08.2022,17.9457,17.9193,17.9808,17.7994,,0.10
01.08.2022,17.9277,17.9069,17.9645,17.8507,,0.15
01.08.2022,17.9014,17.9061,17.9537,17.6587,,-0.07
29.07.2022,17.9148,17.9092,17.9814,17.5944,,0.02
28.07.2022,17.9114,17.9287,17.9697,17.7643,,-0.01
28.07.2022,17.9133,17.8907,17.9444,17.6883,,-0.09
27.07.2022,17.9291,17.8572,17.9768,17.8339,,0.23
27.07.2022,17.8876,17.8815,17.9555,17.6824,,0.13
26.07.2022,17.8653,17.8393,17.954,17.8229,,0.02
26.07.2022,17.862,17.7807,17.8748,17.3468,,0.11
25.07.2022,17.8422,17.7964,17.879,17.755,,0.22
25.07.2022,17.8037,17.7702,17.8818,17.6167,,0.35
22.07.2022,17.7415,17.7323,17.7892,17.4742,,0.14
21.07.2022,17.7173,17.7043,17.7966,17.6227,,0.01
21.07.2022,17.7153,17.6099,17.7586,17.3819,,0.10
20.07.2022,17.6978,17.5761,17.7726,17.5562,,0.52
20.07.2022,17.6059,17.4115,17.6206,17.2375,,0.17
19.07.2022,17.5761,17.5401,17.6267,17.472,,0.10
19.07.2022,17.5587,17.4333,17.5875,17.2985,,0.11
18.07.2022,17.5398,17.4375,17.5865,17.4197,,0.44
18.07.2022,17.4624,17.3786,17.5369,17.2415,,0.36
15.07.2022,17.4,17.4254,17.4941,17.2486,,0.03
14.07.2022,17.395,17.4344,17.4891,17.2451,,-0.30
14.07.2022,17.4474,17.4669,17.5526,17.2856,,0.07
13.07.2022,17.4344,17.431,17.5111,17.369,,0.03
13.07.2022,17.4292,17.3317,17.486,17.1968,,0.30
12.07.2022,17.3778,17.2772,17.461,17.223,,0.35
12.07.2022,17.3164,17.3674,17.4119,17.2094,,0.10
11.07.2022,17.2993,17.3605,17.398,17.2245,,-0.43
11.07.2022,17.3742,17.2875,17.4223,17.2452,,0.58
08.07.2022,17.2733,17.2714,17.3286,17.09,,0.03
07.07.2022,17.2683,17.2229,17.3383,17.174,,-0.02
07.07.2022,17.2713,17.2057,17.3203,17.076,,0.23
06.07.2022,17.2309,17.2009,17.3288,17.1782,,0.02
06.07.2022,17.227,16.9768,17.2672,16.8021,,0.15
05.07.2022,17.2009,16.9786,17.2838,16.9433,,1.18
05.07.2022,16.9999,16.8344,17.0909,16.6891,,0.32
04.07.2022,16.9463,16.8124,17.0723,16.7717,,0.77
04.07.2022,16.8163,16.778,16.8546,16.5866,,0.31
01.07.2022,16.7642,16.6947,16.7858,16.5078,,0.02
30.06.2022,16.7613,16.6675,16.8022,16.6602,,0.37
30.06.2022,16.7,16.6435,16.7472,16.3557,,0.19
29.06.2022,16.6675,16.6421,16.7675,16.5347,,0.17
29.06.2022,16.6388,16.6715,16.712,16.328,,-0.02
28.06.2022,16.6417,16.5943,16.7146,16.5453,,-0.21
28.06.2022,16.6765,16.5566,16.6811,16.3693,,0.50
27.06.2022,16.5928,16.5517,16.689,16.5024,,0.21
27.06.2022,16.5585,16.8954,16.9231,15.9356,,-1.95
24.06.2022,16.8881,17.3555,17.3808,16.4765,,0.01
23.06.2022,16.886,17.3377,17.3828,16.4759,,-2.71
23.06.2022,17.3565,17.3319,17.3952,17.1662,,0.10
22.06.2022,17.3392,17.312,17.3891,17.3014,,-0.02
22.06.2022,17.342,17.3377,17.4097,17.175,,0.17
21.06.2022,17.312,17.3116,17.4374,17.2835,,-0.17
21.06.2022,17.3412,17.3242,17.3726,17.1105,,0.14
20.06.2022,17.3168,17.29,17.3944,17.2689,,-0.10
20.06.2022,17.3345,17.324,17.3737,17.1456,,0.04
17.06.2022,17.3284,17.3029,17.3463,17.2469,,0.02
16.06.2022,17.3255,17.2886,17.3545,17.2455,,0.12
16.06.2022,17.3039,17.2229,17.3239,17.0869,,0.10
15.06.2022,17.2865,17.2396,17.3215,17.2136,,0.26
15.06.2022,17.2422,17.2779,17.3171,17.0688,,0.07
14.06.2022,17.2301,17.22,17.3047,17.1915,,-0.24
14.06.2022,17.2713,17.2587,17.3025,17.0303,,0.28
13.06.2022,17.2226,17.2602,17.2944,17.1905,,-0.24
13.06.2022,17.2639,17.1214,17.2885,16.8333,,0.87
10.06.2022,17.1158,17.235,17.317,16.794,,0.26
09.06.2022,17.0718,17.2272,17.2702,16.8915,,-0.72
09.06.2022,17.1961,17.1273,17.279,16.764,,-0.31
08.06.2022,17.2491,17.1678,17.396,16.7904,,0.58
08.06.2022,17.1504,16.7606,17.2174,16.6878,,-0.05
07.06.2022,17.1582,16.8309,17.1945,16.8035,,2.37
07.06.2022,16.7608,16.5857,16.7971,16.4355,,-0.37
06.06.2022,16.8225,16.5905,16.8464,16.5849,,1.46
06.06.2022,16.5807,16.4231,16.6136,16.2883,,0.99
03.06.2022,16.4176,16.295,16.5445,16.295,,0.03
02.06.2022,16.4126,16.4685,16.5418,16.3373,,-0.33
02.06.2022,16.4672,16.3959,16.5069,16.2551,,0.03
01.06.2022,16.4628,16.3934,16.4921,16.3791,,0.41
01.06.2022,16.395,16.4148,16.4693,16.2294,,0.02
31.05.2022,16.3911,16.3854,16.455,16.3678,,-0.08
31.05.2022,16.4035,16.4081,16.4617,16.2137,,0.10
30.05.2022,16.3875,16.3816,16.4338,16.3386,,0.02
30.05.2022,16.3849,16.2182,16.3993,16.1093,,1.03
27.05.2022,16.218,16.3779,16.4355,16.1923,,0.23
26.05.2022,16.1807,16.3363,16.4019,16.1778,,-1.09
26.05.2022,16.3597,16.3529,16.4719,16.1579,,0.18
25.05.2022,16.331,16.319,16.4645,16.2375,,-0.18
25.05.2022,16.3597,16.074,16.4194,15.9764,,0.25
24.05.2022,16.319,16.0682,16.4105,16.0442,,1.38
24.05.2022,16.0964,15.9261,16.1707,15.816,,0.04
23.05.2022,16.0903,15.9068,16.159,15.9068,,1.00
23.05.2022,15.9316,15.9084,15.975,15.592,,0.18
20.05.2022,15.9037,15.8859,15.9916,15.7736,,0.05
19.05.2022,15.8951,15.874,15.985,15.8369,,0.09
19.05.2022,15.8813,15.9671,16.022,15.839,,0.05
18.05.2022,15.874,15.9371,15.977,15.7955,,-0.46
18.05.2022,15.9471,15.9175,15.998,15.6769,,0.10
17.05.2022,15.9316,15.8491,15.9795,15.7505,,0.21
17.05.2022,15.8983,15.5428,15.917,15.4382,,0.43
16.05.2022,15.8297,15.5648,15.9112,15.5641,,1.80
16.05.2022,15.5493,15.4843,15.67,15.335,,0.45
13.05.2022,15.4798,15.3614,15.4914,15.173,,0.02
12.05.2022,15.4769,15.4004,15.49,15.3993,,0.63
12.05.2022,15.3803,15.3148,15.4254,15.1347,,-0.05
11.05.2022,15.388,15.3085,15.4389,15.253,,0.49
11.05.2022,15.3133,15.2686,15.4002,15.0812,,0.15
10.05.2022,15.2909,15.2928,15.3798,15.258,,0.21
10.05.2022,15.2594,15.0944,15.3034,14.9937,,-0.17
09.05.2022,15.285,15.0867,15.3206,15.0799,,1.28
09.05.2022,15.0925,14.9413,15.1313,14.8103,,0.95
06.05.2022,14.95,14.8527,14.9587,14.7292,,0.02
05.05.2022,14.9468,14.8591,14.9598,14.851,,0.56
05.05.2022,14.8636,14.737,14.907,14.6589,,0.05
04.05.2022,14.8556,14.722,14.8964,14.6999,,0.78
04.05.2022,14.7403,14.8224,14.8551,14.711,,0.18
03.05.2022,14.7143,14.7909,14.8457,14.6948,,-0.67
03.05.2022,14.8141,14.8827,14.924,14.814,,0.11
02.05.2022,14.7975,14.8609,14.9062,14.7882,,-0.58
02.05.2022,14.8831,14.8502,14.9256,14.8436,,0.21
29.04.2022,14.8517,14.7928,14.8731,14.6111,,0.06
28.04.2022,14.8426,14.7942,14.8686,14.7595,,0.35
28.04.2022,14.7909,14.8066,14.8291,14.6301,,0.03
27.04.2022,14.7863,14.7761,14.8294,14.7308,,-0.14
27.04.2022,14.8072,14.8087,14.8448,14.6966,,0.24
26.04.2022,14.772,14.797,14.8334,14.7285,,-0.19
26.04.2022,14.7997,14.7727,14.8201,14.6407,,0.02
25.04.2022,14.797,14.7728,14.8171,14.7599,,0.13
25.04.2022,14.7772,14.7419,14.785,14.624,,0.23
22.04.2022,14.7427,14.7099,14.766,14.5968,,0.06
21.04.2022,14.7339,14.6855,14.7583,14.6855,,0.18
21.04.2022,14.7076,14.6775,14.7365,14.5185,,0.04
20.04.2022,14.7021,14.6606,14.7447,14.6541,,0.18
20.04.2022,14.6753,14.6448,14.6814,14.5084,,0.08
19.04.2022,14.6641,14.6425,14.6802,14.6216,,0.06
19.04.2022,14.6547,14.6481,14.6819,14.5179,,0.03
18.04.2022,14.6503,14.637,14.6735,14.6123,,0.06
18.04.2022,14.6416,14.6346,14.6701,14.4599,,0.04
15.04.2022,14.636,14.6048,14.669,14.471,,0.05
14.04.2022,14.628,14.5967,14.6515,14.5751,,0.10
14.04.2022,14.6128,14.6079,14.6541,14.4939,,0.13
13.04.2022,14.5943,14.586,14.6337,14.5701,,-0.01
13.04.2022,14.5958,14.6031,14.6076,14.4,,0.08
12.04.2022,14.5848,14.5729,14.6042,14.5538,,-0.11
12.04.2022,14.6006,14.6613,14.6933,14.5457,,0.19
11.04.2022,14.5729,14.6659,14.6924,14.5567,,-0.62
11.04.2022,14.6634,14.7391,14.7537,14.6231,,-0.58
08.04.2022,14.7491,14.7376,14.7717,14.605,,0.09
07.04.2022,14.7364,14.7295,14.7656,14.7087,,-0.01
07.04.2022,14.7378,14.7078,14.7749,14.6131,,0.14
06.04.2022,14.7176,14.7065,14.767,14.6855,,0.05
06.04.2022,14.7096,14.7228,14.7686,14.6067,,0.02
05.04.2022,14.7062,14.7206,14.7467,14.6835,,-0.10
05.04.2022,14.7202,14.6817,14.7363,14.577,,0.02
04.04.2022,14.7175,14.6797,14.7331,14.6543,,0.21
04.04.2022,14.6873,14.6874,14.7246,14.5821,,0.01
01.04.2022,14.6865,14.6747,14.7011,14.489,,0.03
31.03.2022,14.6825,14.6675,14.6988,14.63,,0.06
31.03.2022,14.6739,14.6505,14.6899,14.5289,,0.06
30.03.2022,14.6657,14.6319,14.6896,14.5891,,0.07
30.03.2022,14.6553,14.5754,14.685,14.494,,0.14
29.03.2022,14.6345,14.5734,14.6819,14.5546,,0.34
29.03.2022,14.5845,14.822,14.8559,14.5648,,0.17
28.03.2022,14.5594,14.8184,14.8408,14.531,,-1.75
28.03.2022,14.8182,14.8438,14.8632,14.7247,,-0.12
25.03.2022,14.8367,14.8272,14.8616,14.7111,,0.05
24.03.2022,14.8286,14.8201,14.8525,14.8025,,0.03
24.03.2022,14.8239,14.8457,14.8824,14.7064,,0.06
23.03.2022,14.8149,14.8168,14.8696,14.7825,,-0.15
23.03.2022,14.8373,14.8246,14.8683,14.6829,,0.12
22.03.2022,14.8194,14.8122,14.8584,14.7586,,-0.04
22.03.2022,14.8251,14.8259,14.8673,14.6954,,0.03
21.03.2022,14.8213,14.7991,14.8629,14.7693,,-0.02
21.03.2022,14.8248,14.8008,14.8601,14.6991,,0.11
18.03.2022,14.809,14.7084,14.8481,14.5532,,0.13
17.03.2022,14.7899,14.6878,14.824,14.6775,,0.60
17.03.2022,14.7018,14.605,14.799,14.502,,0.06
16.03.2022,14.6935,14.5951,14.7997,14.5571,,0.40
16.03.2022,14.6354,14.6921,14.7857,14.5477,,0.27
15.03.2022,14.5963,14.703,14.7616,14.5582,,-0.72
15.03.2022,14.7022,14.7795,14.8443,14.462,,0.07
14.03.2022,14.6919,14.798,14.8414,14.5195,,-0.60
14.03.2022,14.7804,14.738,14.9,14.69,,0.11
11.03.2022,14.7645,14.8148,15,14.6486,,0.07
10.03.2022,14.7541,14.8363,14.995,14.6365,,-0.59
10.03.2022,14.8421,14.6745,14.949,14.534,,0.22
09.03.2022,14.8102,14.6307,14.923,14.6041,,1.07
09.03.2022,14.6527,14.4991,14.6961,14.4199,,0.17
08.03.2022,14.6278,14.4743,14.694,14.4487,,0.93
08.03.2022,14.4937,14.3892,14.5956,14.2795,,0.18
07.03.2022,14.4675,14.3605,14.5922,14.3423,,0.63
07.03.2022,14.3773,14.0147,14.4337,13.9957,,1.34
04.03.2022,14.1865,14.0978,14.2682,13.953,,0.12
03.03.2022,14.1701,14.0918,14.269,14.0901,,0.36
03.03.2022,14.1187,14.0279,14.1747,13.9327,,0.12
02.03.2022,14.1018,14.0057,14.1525,13.9635,,0.59
02.03.2022,14.019,13.9261,14.1425,13.8155,,0.26
01.03.2022,13.982,13.9169,14.132,13.8525,,0.46
01.03.2022,13.9181,13.641,13.977,13.6011,,0.32
28.02.2022,13.8735,13.8382,13.9681,13.7585,,0.18
28.02.2022,13.8486,13.823,14.1024,13.5633,,0.18
25.02.2022,13.8238,13.9985,14.1332,13.7052,,0.03
24.02.2022,13.8196,13.9943,14.1318,13.7368,,-1.53
24.02.2022,14.0346,13.8488,14.6632,13.7934,,0.22
23.02.2022,14.0034,13.7847,14.6483,13.7697,,1.30
23.02.2022,13.8236,13.8026,13.8864,13.6165,,0.11
22.02.2022,13.8085,13.7709,13.871,13.6737,,0.12
22.02.2022,13.7918,13.6898,13.9139,13.589,,0.20
21.02.2022,13.7642,13.6837,13.905,13.6195,,0.48
21.02.2022,13.698,13.649,13.7237,13.5321,,0.32
18.02.2022,13.6541,13.5853,13.6826,13.4916,,0.02
17.02.2022,13.6509,13.575,13.6674,13.5131,,0.55
17.02.2022,13.5759,13.5997,13.6353,13.5013,,0.02
16.02.2022,13.5727,13.5696,13.6338,13.5556,,-0.20
16.02.2022,13.5996,13.5935,13.6463,13.4923,,0.08
15.02.2022,13.5892,13.5963,13.645,13.5668,,-0.13
15.02.2022,13.6071,13.5979,13.692,13.4742,,0.33
14.02.2022,13.5618,13.5595,13.6788,13.5538,,-0.27
14.02.2022,13.5989,13.5159,13.6261,13.3031,,0.58
11.02.2022,13.52,13.4718,13.5684,13.3544,,0.38
10.02.2022,13.4694,13.4752,13.5622,13.4417,,-0.21
10.02.2022,13.498,13.5607,13.6091,13.4237,,0.22
09.02.2022,13.4683,13.5138,13.5794,13.4597,,-0.53
09.02.2022,13.5405,13.5717,13.6251,13.41,,0.12
08.02.2022,13.5245,13.538,13.6091,13.5123,,-0.29
08.02.2022,13.5639,13.5786,13.6691,13.3944,,0.02
07.02.2022,13.5611,13.5647,13.6617,13.5425,,-0.26
07.02.2022,13.5971,13.5768,13.6383,13.3673,,0.21
04.02.2022,13.5687,13.5582,13.6121,13.4913,,0.07
03.02.2022,13.5598,13.5549,13.5996,13.4846,,-0.01
03.02.2022,13.5605,13.4564,13.6264,13.2906,,0.21
02.02.2022,13.5326,13.4589,13.62,13.4316,,0.53
02.02.2022,13.4612,13.3744,13.5857,13.1427,,0.06
01.02.2022,13.4536,13.3579,13.577,13.3459,,0.59
01.02.2022,13.3746,13.3108,13.471,13.125,,0.20
31.01.2022,13.3481,13.3074,13.4693,13.2619,,0.20
31.01.2022,13.3209,13.5349,13.5856,13.1684,,-1.71
28.01.2022,13.5532,13.6497,13.6665,13.3845,,0.08
27.01.2022,13.5423,13.625,13.664,13.4829,,-0.79
27.01.2022,13.65,13.5774,13.67,13.3079,,0.15
26.01.2022,13.6295,13.5584,13.6689,13.5456,,0.38
26.01.2022,13.578,13.4822,13.6479,13.2669,,0.16
25.01.2022,13.5561,13.4384,13.6345,13.4384,,0.55
25.01.2022,13.4819,13.4505,13.5774,13.124,,0.40
24.01.2022,13.4279,13.4363,13.5725,13.4134,,-0.27
24.01.2022,13.4642,13.4691,13.5654,13.1486,,0.12
21.01.2022,13.4487,13.37,13.5024,13.049,,0.13
20.01.2022,13.4317,13.3698,13.4741,13.3109,,0.57
20.01.2022,13.3551,13.3721,13.5512,13.254,,0.02
19.01.2022,13.353,13.3746,13.547,13.2707,,-0.42
19.01.2022,13.4098,13.5681,13.6595,13.3293,,0.19
18.01.2022,13.3839,13.5247,13.6288,13.3468,,-1.13
18.01.2022,13.5362,13.4289,13.6632,13.1569,,0.04
17.01.2022,13.5303,13.4231,13.667,13.402,,0.64
17.01.2022,13.4436,13.5418,13.6286,13.1255,,-0.61
14.01.2022,13.5264,13.5906,13.6525,13.4504,,-0.04
13.01.2022,13.5314,13.5595,13.6475,13.4478,,-0.47
13.01.2022,13.5949,13.2511,13.706,13.1487,,0.26
12.01.2022,13.5595,13.2845,13.6713,13.1452,,2.58
12.01.2022,13.2185,13.8367,13.8829,13.17,,-0.01
11.01.2022,13.22,13.7972,13.8496,13.1363,,-4.20
11.01.2022,13.7999,13.8148,13.8771,13.3727,,0.18
10.01.2022,13.7755,13.7751,13.8822,13.6998,,-0.26
10.01.2022,13.8116,13.8636,13.9362,13.3641,,-0.45
07.01.2022,13.8745,13.8226,13.93,13.4225,,0.04
06.01.2022,13.8695,13.8183,13.9273,13.7045,,0.07
06.01.2022,13.8604,13.6854,13.9233,13.2392,,0.04
05.01.2022,13.8554,13.6664,13.8811,13.4988,,1.28
05.01.2022,13.6806,13.4401,13.7222,13.0605,,0.38
04.01.2022,13.6283,13.4066,13.69,13.2692,,1.64
04.01.2022,13.4084,13.2022,13.6675,12.8165,,-0.02
03.01.2022,13.4111,13.1307,13.5919,12.921,,2.01
03.01.2022,13.1463,13.2713,13.9445,12.5485,,-1.31
31.12.2021,13.3211,12.9431,13.6195,12.802,,0.04
30.12.2021,13.3161,13.1458,13.6145,13.0002,,1.31
30.12.2021,13.144,12.8265,13.6136,12.4568,,0.14
29.12.2021,13.126,12.6307,13.4162,12.4235,,3.86
29.12.2021,12.638,11.7998,12.6822,11.7521,,0.02
28.12.2021,12.6359,11.7978,12.6912,11.7456,,7.04
28.12.2021,11.8049,11.6873,11.9491,11.4441,,0.06
27.12.2021,11.798,11.6802,11.942,11.5619,,0.99
27.12.2021,11.6822,10.5021,11.6982,10.5021,,9.69
24.12.2021,10.65,11.0446,12.0994,10.3084,,-0.97
23.12.2021,10.7547,11.3959,12.0865,10.4216,,-5.69
23.12.2021,11.404,12.3074,12.4142,10.3768,,1.26
22.12.2021,11.2623,11.9896,12.1024,10.1905,,-6.34
22.12.2021,12.0251,12.4737,12.7026,11.9426,,0.36
21.12.2021,11.9825,12.4331,12.6994,11.9825,,-3.64
21.12.2021,12.4351,13.382,13.9995,11.472,,0.05
20.12.2021,12.429,13.4422,14.0352,11.1147,,-7.98
20.12.2021,13.507,16.4818,18.3644,13.504,,-17.73
17.12.2021,16.4185,15.673,17.071,15.62,,0.03
16.12.2021,16.4135,15.6674,17.1503,15.6275,,4.74
16.12.2021,15.6709,14.7969,15.7395,14.7747,,0.03
15.12.2021,15.6661,14.7815,15.7262,14.7727,,5.91
15.12.2021,14.7925,14.3936,14.838,14.3588,,0.02
14.12.2021,14.7901,14.3837,14.833,14.3553,,2.78
14.12.2021,14.3906,13.8139,14.4321,13.7876,,0.05
13.12.2021,14.3841,13.7953,14.4328,13.7953,,4.13
13.12.2021,13.8134,13.8853,14.6362,13.6582,,-0.48
10.12.2021,13.8801,13.786,13.9553,13.7027,,0.06
09.12.2021,13.8719,13.7817,13.9512,13.7465,,0.62
09.12.2021,13.7858,13.6786,13.8424,13.5891,,0.03
08.12.2021,13.7815,13.6722,13.8383,13.5985,,0.78
08.12.2021,13.6753,13.4917,13.8122,13.4407,,0.02
07.12.2021,13.672,13.4885,13.807,13.4655,,1.31
07.12.2021,13.4947,13.7972,13.8451,13.4002,,0.02
06.12.2021,13.4925,13.7866,13.8425,13.4195,,-2.23
06.12.2021,13.8002,13.7027,13.8956,13.5796,,0.71
03.12.2021,13.7027,13.6811,13.8916,13.3007,,0.02
02.12.2021,13.6999,13.6784,13.8889,13.4305,,0.11
02.12.2021,13.6855,13.3341,13.89,13.266,,0.05
01.12.2021,13.6783,13.2635,13.819,13.2015,,3.11
01.12.2021,13.266,13.4831,13.8741,12.3754,,0.01
30.11.2021,13.2646,13.4806,13.843,12.4363,,-1.58
30.11.2021,13.4782,12.8264,13.7441,12.687,,0.04
29.11.2021,13.4732,12.8214,13.7391,12.7069,,5.10
29.11.2021,12.8189,12.4127,12.9232,12.3379,,3.17
26.11.2021,12.4253,11.9104,12.6458,11.8734,,0.03
25.11.2021,12.4217,11.9883,12.5303,11.9102,,3.60
25.11.2021,11.9904,12.1731,12.2925,11.826,,-0.14
24.11.2021,12.0067,12.0856,12.205,11.84,,-0.67
24.11.2021,12.0876,12.8214,13.115,11.5171,,0.02
23.11.2021,12.0855,12.8192,13.081,11.6174,,-5.74
23.11.2021,12.8216,11.3399,13.4937,11.3158,,0.02
22.11.2021,12.8189,11.4064,13.26,11.3363,,12.60
22.11.2021,11.384,11.2305,11.4767,10.924,,1.32
19.11.2021,11.236,10.964,11.3237,10.798,,0.04
18.11.2021,11.231,10.9935,11.3157,10.7945,,2.14
18.11.2021,10.9955,10.6252,11.287,10.416,,0.05
17.11.2021,10.9905,10.6232,11.285,10.4165,,3.41
17.11.2021,10.6277,10.3587,10.7004,10.3074,,0.16
16.11.2021,10.6103,10.341,10.6829,10.2961,,2.58
16.11.2021,10.343,10.0543,10.4126,10.0315,,0.03
15.11.2021,10.3395,10.0508,10.4091,10.0345,,2.76
15.11.2021,10.0615,9.9945,10.0854,9.9375,,0.83
12.11.2021,9.9784,9.8967,10.0236,9.8503,,0.03
11.11.2021,9.9751,9.8899,10.024,9.8495,,0.71
11.11.2021,9.9052,9.8421,9.987,9.8287,,0.05
10.11.2021,9.9006,9.8379,9.9726,9.815,,0.59
10.11.2021,9.8427,9.7308,9.8788,9.7059,,0.05
09.11.2021,9.8381,9.7252,9.8747,9.713,,1.08
09.11.2021,9.7331,9.676,9.7422,9.6479,,0.08
08.11.2021,9.7254,9.6681,9.7347,9.651,,0.43
08.11.2021,9.684,9.6954,9.7481,9.6444,,-0.10
05.11.2021,9.6933,9.6887,9.7646,9.6682,,0.20
04.11.2021,9.6741,9.6842,9.7432,9.6505,,-0.31
04.11.2021,9.7046,9.6445,9.7776,9.6184,,0.16
03.11.2021,9.6893,9.6318,9.7679,9.6165,,0.46
03.11.2021,9.6448,9.6103,9.7591,9.5758,,0.18
02.11.2021,9.6276,9.6043,9.7438,9.571,,0.25
02.11.2021,9.6033,9.541,9.6212,9.4535,,0.02
01.11.2021,9.6011,9.5238,9.6115,9.4485,,0.65
01.11.2021,9.5392,9.6087,9.6221,9.4717,,-0.72
29.10.2021,9.608,9.5309,9.6328,9.4885,,0.05
28.10.2021,9.603,9.5256,9.6315,9.514,,0.63
28.10.2021,9.5433,9.4969,9.6455,9.4711,,0.17
27.10.2021,9.5272,9.475,9.6313,9.474,,0.32
27.10.2021,9.4972,9.5554,9.5671,9.4533,,0.10
26.10.2021,9.4876,9.5205,9.5476,9.4495,,-0.59
26.10.2021,9.5438,9.5913,9.6308,9.3953,,0.09
25.10.2021,9.535,9.5779,9.6205,9.3915,,-0.56
25.10.2021,9.5884,9.6072,9.8618,9.5228,,-0.11
22.10.2021,9.5988,9.5371,9.6812,9.4901,,-0.10
21.10.2021,9.6083,9.5208,9.6647,9.4685,,0.93
21.10.2021,9.5193,9.221,9.5625,9.1974,,-0.07
20.10.2021,9.5257,9.2125,9.5357,9.199,,3.32
20.10.2021,9.2195,9.3022,9.3615,9.1942,,0.08
19.10.2021,9.2125,9.2981,9.3538,9.185,,-0.96
19.10.2021,9.3016,9.3348,9.3819,9.2348,,0.12
18.10.2021,9.2908,9.3359,9.3727,9.2485,,-0.47
18.10.2021,9.3343,9.2653,9.3727,9.2355,,0.71
15.10.2021,9.2683,9.1902,9.2912,9.1692,,0.18
14.10.2021,9.2517,9.1708,9.2746,9.164,,0.70
14.10.2021,9.187,9.0595,9.2116,9.0541,,0.16
13.10.2021,9.172,9.1454,9.2043,9.0975,,0.90
13.10.2021,9.09,9.0443,9.1141,8.9994,,-0.76
12.10.2021,9.1596,9.0379,9.1855,8.996,,1.29
12.10.2021,9.0428,9.0035,9.0528,8.9748,,0.16
11.10.2021,9.028,8.9996,9.0454,8.9675,,0.31
11.10.2021,8.9997,8.9879,9.0267,8.9107,,0.05
10.10.2021,8.995,8.9614,9.0154,8.9015,,0.20
08.10.2021,8.9767,8.8836,9.0003,8.8478,,0.17
07.10.2021,8.9614,8.8693,8.985,8.847,,0.94
07.10.2021,8.8781,8.8659,8.9058,8.8345,,0.10
06.10.2021,8.8689,8.8669,8.8857,8.8305,,-0.13
06.10.2021,8.8804,8.8747,8.9455,8.8609,,0.14
05.10.2021,8.8678,8.8586,8.9355,8.844,,-0.07
05.10.2021,8.8738,8.8503,8.8954,8.833,,0.17
04.10.2021,8.8586,8.8599,8.8904,8.8295,,0.02
04.10.2021,8.8571,8.8562,8.8868,8.82,,0.08
03.10.2021,8.8501,8.8472,8.8831,8.8165,,-0.12
01.10.2021,8.8609,8.8829,8.9094,8.8092,,0.06
30.09.2021,8.8552,8.8785,8.9037,8.809,,-0.40
30.09.2021,8.8912,8.9142,8.939,8.8445,,0.13
29.09.2021,8.8798,8.9062,8.9343,8.841,,-0.49
29.09.2021,8.9238,8.8845,8.9685,8.8258,,0.17
28.09.2021,8.9086,8.8638,8.9557,8.8165,,0.36
28.09.2021,8.8765,8.825,8.9035,8.8138,,0.14
27.09.2021,8.864,8.8164,8.8938,8.8045,,0.47
27.09.2021,8.8224,8.8805,8.9027,8.8048,,0.07
26.09.2021,8.8161,8.8593,8.8935,8.7985,,-0.76
24.09.2021,8.8836,8.7667,8.8968,8.735,,0.06
23.09.2021,8.8786,8.7678,8.8918,8.7528,,1.26
23.09.2021,8.7679,8.6497,8.8056,8.6107,,0.14
22.09.2021,8.7559,8.6399,8.8014,8.6095,,1.14
22.09.2021,8.657,8.6344,8.677,8.5899,,0.20
21.09.2021,8.6401,8.6219,8.6712,8.5865,,0.15
21.09.2021,8.6274,8.667,8.6809,8.5724,,0.05
20.09.2021,8.623,8.6589,8.6739,8.5965,,-0.56
20.09.2021,8.6717,8.6524,8.736,8.6313,,0.15
19.09.2021,8.6591,8.6522,8.7274,8.6245,,0.17
17.09.2021,8.644,8.5377,8.6725,8.4916,,0.23
16.09.2021,8.6238,8.5242,8.6536,8.5035,,1.08
16.09.2021,8.5313,8.4339,8.5485,8.4123,,0.08
15.09.2021,8.5243,8.4203,8.5449,8.4115,,1.05
15.09.2021,8.4354,8.4391,8.4673,8.4052,,0.17
14.09.2021,8.4211,8.4242,8.46,8.3985,,-0.25
14.09.2021,8.4425,8.4367,8.4806,8.4029,,0.22
13.09.2021,8.4243,8.4267,8.4695,8.396,,-0.04
13.09.2021,8.4275,8.4724,8.4855,8.4035,,0.03
12.09.2021,8.4253,8.4553,8.5222,8.4075,,-0.52
10.09.2021,8.4694,8.4441,8.4862,8.3812,,0.17
09.09.2021,8.4553,8.4402,8.4721,8.3725,,0.22
09.09.2021,8.4366,8.4659,8.5214,8.4215,,-0.06
08.09.2021,8.4416,8.4586,8.5177,8.417,,-0.38
08.09.2021,8.4734,8.3595,8.4939,8.3337,,0.04
07.09.2021,8.47,8.343,8.4825,8.3305,,1.40
07.09.2021,8.3527,8.2826,8.3593,8.26,,0.13
06.09.2021,8.3416,8.2777,8.3512,8.2535,,0.72
06.09.2021,8.2821,8.3236,8.3355,8.257,,0.09
05.09.2021,8.275,8.3049,8.3302,8.2535,,-0.57
03.09.2021,8.3227,8.2904,8.3642,8.2629,,0.21
02.09.2021,8.3049,8.2803,8.3464,8.2595,,0.32
02.09.2021,8.2781,8.2917,8.3161,8.2512,,-0.01
01.09.2021,8.2791,8.3017,8.304,8.2475,,-0.20
01.09.2021,8.296,8.3164,8.3357,8.261,,-0.10
31.08.2021,8.3041,8.3018,8.333,8.259,,-0.15
31.08.2021,8.3164,8.3843,8.4022,8.2889,,0.18
30.08.2021,8.3014,8.3874,8.3879,8.2785,,-0.94
30.08.2021,8.3799,8.3546,8.3974,8.3194,,-0.08
29.08.2021,8.3863,8.3434,8.3926,8.3159,,0.39
27.08.2021,8.3537,8.3971,8.415,8.3268,,0.12
26.08.2021,8.3434,8.3815,8.4058,8.3282,,-0.59
26.08.2021,8.3925,8.3749,8.4065,8.326,,0.21
25.08.2021,8.3746,8.3711,8.4025,8.3335,,-0.05
25.08.2021,8.3787,8.4088,8.4324,8.3535,,0.09
24.08.2021,8.371,8.4011,8.4214,8.3525,,-0.47
24.08.2021,8.4102,8.433,8.4597,8.3869,,0.09
23.08.2021,8.4027,8.4142,8.4506,8.3745,,-0.29
23.08.2021,8.4275,8.4977,8.5079,8.4118,,0.13
22.08.2021,8.4169,8.4852,8.4991,8.4045,,-0.91
20.08.2021,8.4941,8.4975,8.5681,8.2651,,0.10
19.08.2021,8.4852,8.5062,8.5592,8.4615,,-0.32
19.08.2021,8.5125,8.4596,8.57,8.388,,0.13
18.08.2021,8.5012,8.4284,8.5524,8.2577,,0.55
18.08.2021,8.4544,8.4245,8.5028,8.3942,,0.13
17.08.2021,8.4434,8.4239,8.4971,8.3709,,0.10
17.08.2021,8.4346,8.4592,8.4925,8.3667,,0.13
16.08.2021,8.4239,8.449,8.4887,8.3671,,-0.44
16.08.2021,8.4612,8.5274,8.5373,8.4242,,0.05
15.08.2021,8.4567,8.5171,8.5291,8.4242,,-0.79
13.08.2021,8.5241,8.5386,8.5858,8.491,,0.08
12.08.2021,8.5171,8.5657,8.5787,8.4963,,-0.48
12.08.2021,8.5584,8.6327,8.6444,8.5011,,-0.07
11.08.2021,8.5647,8.6238,8.6324,8.488,,-0.77
11.08.2021,8.6311,8.5907,8.6862,8.5404,,0.08
10.08.2021,8.6238,8.607,8.6806,8.5473,,0.19
10.08.2021,8.6076,8.6393,8.6785,8.5562,,0.17
09.08.2021,8.5928,8.6512,8.6713,8.4745,,-0.71
09.08.2021,8.654,8.6266,8.6789,8.6014,,0.07
08.08.2021,8.6481,8.616,8.67,8.5803,,0.20
06.08.2021,8.6306,8.5266,8.6556,8.5096,,0.17
05.08.2021,8.616,8.5241,8.6419,8.5045,,1.02
05.08.2021,8.529,8.4777,8.5763,8.458,,0.14
04.08.2021,8.5171,8.4777,8.5713,8.4555,,0.46
04.08.2021,8.4784,8.4078,8.4969,8.3637,,0.04
03.08.2021,8.4749,8.4063,8.4912,8.3665,,0.79
03.08.2021,8.4085,8.352,8.4488,8.2763,,0.09
02.08.2021,8.4013,8.3516,8.4445,8.2795,,0.58
02.08.2021,8.3529,8.4609,8.4858,8.317,,0.02
01.08.2021,8.3513,8.449,8.4761,8.3285,,-1.21
30.07.2021,8.454,8.4735,8.506,8.3927,,0.25
29.07.2021,8.4333,8.4555,8.4889,8.3785,,-0.23
29.07.2021,8.4525,8.5635,8.5748,8.4345,,-0.04
28.07.2021,8.4555,8.5498,8.5598,8.4245,,-1.17
28.07.2021,8.5552,8.554,8.5829,8.5259,,0.02
27.07.2021,8.5536,8.5562,8.5792,8.5265,,-0.14
27.07.2021,8.5654,8.5576,8.5886,8.5327,,0.04
26.07.2021,8.5619,8.5526,8.5824,8.537,,0.04
26.07.2021,8.5589,8.5584,8.6304,8.5215,,0.07
25.07.2021,8.5526,8.5471,8.6262,8.5295,,-0.03
23.07.2021,8.5554,8.5655,8.5742,8.5063,,0.10
22.07.2021,8.5471,8.5612,8.5681,8.5105,,-0.17
22.07.2021,8.562,8.5249,8.5839,8.5149,,0.01
21.07.2021,8.5615,8.5663,8.5755,8.5215,,-0.02
21.07.2021,8.5635,8.5692,8.61,8.5174,,-0.10
20.07.2021,8.572,8.5572,8.6043,8.536,,0.00
20.07.2021,8.572,8.5883,8.6135,8.5056,,0.17
19.07.2021,8.5574,8.5877,8.5985,8.5315,,-0.28
19.07.2021,8.5816,8.532,8.6197,8.4819,,0.05
18.07.2021,8.5772,8.4783,8.6102,8.4783,,0.63
16.07.2021,8.5237,8.5708,8.5887,8.4733,,0.11
15.07.2021,8.5144,8.5641,8.582,8.4695,,-0.65
15.07.2021,8.5705,8.5924,8.5999,8.5379,,0.05
14.07.2021,8.5664,8.5903,8.591,8.5325,,-0.30
14.07.2021,8.5919,8.6249,8.654,8.568,,0.17
13.07.2021,8.5774,8.6111,8.6468,8.565,,-0.56
13.07.2021,8.6255,8.6433,8.6627,8.5682,,0.21
12.07.2021,8.6078,8.6344,8.643,8.5705,,-0.38
12.07.2021,8.6409,8.6676,8.6791,8.6135,,0.05
11.07.2021,8.6363,8.6434,8.6726,8.6085,,-0.28
09.07.2021,8.6607,8.6903,8.7188,8.6236,,0.17
08.07.2021,8.6461,8.6898,8.705,8.631,,-0.57
08.07.2021,8.6955,8.689,8.7356,8.6608,,0.08
07.07.2021,8.6887,8.6806,8.7309,8.6585,,-0.02
07.07.2021,8.6903,8.6943,8.7172,8.6371,,0.10
06.07.2021,8.6812,8.6836,8.7105,8.6385,,-0.12
06.07.2021,8.6919,8.6694,8.7074,8.6185,,0.11
05.07.2021,8.682,8.66,8.7026,8.6185,,0.11
05.07.2021,8.6723,8.6869,8.7197,8.6457,,0.12
04.07.2021,8.6616,8.6792,8.7124,8.638,,-0.33
02.07.2021,8.6899,8.6609,8.7331,8.6427,,0.12
01.07.2021,8.6792,8.645,8.7219,8.645,,0.18
01.07.2021,8.6635,8.7115,8.7337,8.6362,,0.20
30.06.2021,8.6461,8.6978,8.7231,8.628,,-0.72
30.06.2021,8.7087,8.7335,8.7476,8.629,,0.11
29.06.2021,8.6991,8.7235,8.7429,8.6325,,-0.45
29.06.2021,8.7383,8.6759,8.754,8.6464,,0.08
28.06.2021,8.731,8.6815,8.7461,8.6635,,0.47
28.06.2021,8.6898,8.7687,8.7726,8.6697,,0.06
27.06.2021,8.6843,8.7493,8.7682,8.6645,,-0.93
25.06.2021,8.7659,8.6901,8.8158,8.6546,,0.19
24.06.2021,8.7493,8.7026,8.7992,8.6485,,0.47
24.06.2021,8.7088,8.6399,8.7218,8.6204,,0.18
23.06.2021,8.693,8.6248,8.7133,8.6135,,0.58
23.06.2021,8.6425,8.6533,8.685,8.5832,,0.18
22.06.2021,8.6268,8.6375,8.6747,8.5875,,-0.30
22.06.2021,8.6531,8.7723,8.8032,8.6317,,0.14
21.06.2021,8.6412,8.7712,8.7943,8.6245,,-1.47
21.06.2021,8.7699,8.7393,8.8001,8.7066,,-0.07
20.06.2021,8.7759,8.7257,8.7937,8.7015,,0.39
18.06.2021,8.7418,8.7244,8.7661,8.6432,,0.18
17.06.2021,8.7257,8.7095,8.7486,8.634,,0.07
17.06.2021,8.7199,8.6054,8.7358,8.5877,,0.06
16.06.2021,8.7143,8.6012,8.7282,8.5805,,1.25
16.06.2021,8.6071,8.5522,8.6331,8.48,,0.05
15.06.2021,8.6029,8.5418,8.6297,8.4765,,0.53
15.06.2021,8.5573,8.4739,8.5984,8.4328,,0.01
14.06.2021,8.5566,8.4541,8.5899,8.4285,,1.04
14.06.2021,8.4689,8.3906,8.4909,8.2903,,0.20
13.06.2021,8.452,8.4203,8.4782,8.3058,,0.78
11.06.2021,8.3868,8.4217,8.4492,8.255,,0.06
10.06.2021,8.3818,8.424,8.4463,8.2645,,-0.54
10.06.2021,8.4269,8.5822,8.5995,8.405,,0.04
09.06.2021,8.4238,8.5805,8.5973,8.4015,,-1.91
09.06.2021,8.5882,8.6096,8.6278,8.5586,,0.09
08.06.2021,8.5806,8.6017,8.621,8.5505,,-0.28
08.06.2021,8.605,8.615,8.6385,8.5632,,0.03
07.06.2021,8.6027,8.6167,8.6335,8.5675,,0.15
07.06.2021,8.5895,8.6702,8.7023,8.5865,,-0.28
06.06.2021,8.6139,8.6563,8.6892,8.586,,-0.63
04.06.2021,8.6681,8.7024,8.76,8.6248,,0.14
03.06.2021,8.6563,8.6873,8.7522,8.6155,,-0.53
03.06.2021,8.7024,8.5946,8.7294,8.5749,,0.17
02.06.2021,8.6875,8.5805,8.7189,8.565,,1.10
02.06.2021,8.5926,8.5419,8.7875,8.5236,,0.14
01.06.2021,8.581,8.674,8.6759,8.5525,,0.52
01.06.2021,8.5369,8.4884,8.5451,8.4598,,-1.52
31.05.2021,8.6685,8.4794,8.779,8.4585,,2.11
31.05.2021,8.4896,8.5585,8.5939,8.4548,,0.12
30.05.2021,8.4793,8.5605,8.5917,8.4485,,-0.91
28.05.2021,8.5576,8.5093,8.6237,8.4462,,0.11
27.05.2021,8.5484,8.4843,8.6145,8.4736,,0.55
27.05.2021,8.5017,8.4562,8.5471,8.4115,,0.20
26.05.2021,8.4844,8.4511,8.5421,8.4085,,0.33
26.05.2021,8.4563,8.4545,8.4781,8.4011,,0.06
25.05.2021,8.4512,8.4512,8.4687,8.3965,,-0.10
25.05.2021,8.4593,8.3879,8.4938,8.3642,,0.21
24.05.2021,8.4412,8.3806,8.4858,8.3565,,0.63
24.05.2021,8.3882,8.4162,8.4419,8.3586,,0.00
23.05.2021,8.3878,8.4136,8.4326,8.3575,,-0.36
21.05.2021,8.4177,8.3812,8.4273,8.3291,,0.13
20.05.2021,8.4066,8.3663,8.4176,8.341,,0.32
20.05.2021,8.38,8.4132,8.4267,8.3245,,0.16
19.05.2021,8.3669,8.4115,8.4151,8.3345,,-0.56
19.05.2021,8.4137,8.3544,8.4449,8.3414,,0.04
18.05.2021,8.4106,8.3392,8.4345,8.3392,,0.65
18.05.2021,8.3559,8.3211,8.3812,8.2933,,0.20
17.05.2021,8.3393,8.3068,8.3706,8.2905,,0.31
17.05.2021,8.3135,8.4678,8.4691,8.2889,,0.09
16.05.2021,8.3064,8.463,8.4643,8.2902,,-1.73
14.05.2021,8.4527,8.509,8.5174,8.3794,,0.10
13.05.2021,8.4441,8.4948,8.5067,8.3937,,-0.69
13.05.2021,8.5025,8.4235,8.5169,8.3991,,0.03
12.05.2021,8.5,8.4297,8.5119,8.4113,,0.82
12.05.2021,8.4311,8.296,8.4619,8.2736,,0.14
11.05.2021,8.4194,8.2845,8.4493,8.281,,1.58
11.05.2021,8.2883,8.2809,8.3291,8.2577,,0.01
10.05.2021,8.2875,8.2591,8.3229,8.2563,,0.11
10.05.2021,8.2783,8.2497,8.2926,8.2128,,0.27
09.05.2021,8.2562,8.24,8.2821,8.2115,,0.21
07.05.2021,8.2386,8.2824,8.3068,8.203,,0.00
06.05.2021,8.2388,8.2745,8.3028,8.2035,,-0.53
06.05.2021,8.2828,8.3243,8.3666,8.268,,0.20
05.05.2021,8.2664,8.3118,8.3471,8.2372,,-0.61
05.05.2021,8.3175,8.3254,8.3787,8.291,,-0.01
04.05.2021,8.3186,8.3038,8.3737,8.2971,,-0.12
04.05.2021,8.3288,8.24,8.3541,8.24,,0.29
03.05.2021,8.3047,8.2422,8.3466,8.2383,,0.64
03.05.2021,8.2515,8.2805,8.3384,8.2294,,0.10
02.05.2021,8.2435,8.2735,8.3325,8.2267,,-0.54
30.04.2021,8.2884,8.2248,8.3353,8.1834,,0.18
29.04.2021,8.2735,8.1941,8.3205,8.179,,0.63
29.04.2021,8.2216,8.1949,8.291,8.1211,,0.34
28.04.2021,8.1935,8.1891,8.2506,8.1411,,-0.07
28.04.2021,8.1995,8.2029,8.2507,8.141,,0.20
27.04.2021,8.1833,8.2021,8.2435,8.1435,,-0.41
27.04.2021,8.2169,8.2895,8.3187,8.1752,,0.18
26.04.2021,8.2023,8.278,8.2997,8.1605,,-0.98
26.04.2021,8.2837,8.3997,8.4957,8.2663,,0.10
25.04.2021,8.2751,8.3762,8.4849,8.2575,,-1.24
23.04.2021,8.3786,8.3216,8.4222,8.2749,,0.03
22.04.2021,8.3758,8.3065,8.4077,8.2937,,0.62
22.04.2021,8.3243,8.1941,8.3863,8.1824,,0.17
21.04.2021,8.3101,8.1871,8.3678,8.1695,,1.47
21.04.2021,8.1896,8.1225,8.2166,8.107,,0.06
20.04.2021,8.1847,8.1034,8.2061,8.0965,,0.84
20.04.2021,8.1163,8.0987,8.1432,8.071,,0.12
19.04.2021,8.1062,8.0828,8.1321,8.0615,,0.13
19.04.2021,8.096,8.0776,8.1196,8.0247,,0.19
18.04.2021,8.081,8.0567,8.1103,8.0165,,0.11
16.04.2021,8.072,8.0197,8.1251,8.0151,,0.19
15.04.2021,8.0567,8.0097,8.1103,8.0052,,0.45
15.04.2021,8.0204,8.089,8.1707,8.0011,,0.11
14.04.2021,8.0115,8.0639,8.1573,7.992,,-0.83
14.04.2021,8.0788,8.1148,8.1397,8.0216,,0.21
13.04.2021,8.0618,8.1012,8.1292,8.0125,,-0.71
13.04.2021,8.1196,8.1486,8.1825,8.0955,,0.24
12.04.2021,8.0999,8.1398,8.176,8.0947,,-0.71
12.04.2021,8.1576,8.176,8.2416,8.1115,,0.06
11.04.2021,8.1529,8.1534,8.2277,8.0975,,-0.18
09.04.2021,8.1674,8.1417,8.2076,8.1215,,0.17
08.04.2021,8.1534,8.1257,8.1941,8.1202,,0.15
08.04.2021,8.1414,8.1587,8.1933,8.126,,0.20
07.04.2021,8.1253,8.1458,8.1767,8.1165,,-0.40
07.04.2021,8.1582,8.1639,8.2402,8.1471,,0.11
06.04.2021,8.1494,8.1261,8.2111,8.1215,,0.09
06.04.2021,8.1421,8.1134,8.1899,8.0894,,0.11
05.04.2021,8.1335,8.1078,8.1745,8.0755,,0.28
05.04.2021,8.1108,8.1772,8.2637,8.0867,,0.10
04.04.2021,8.1024,8.1619,8.251,8.081,,-0.79
02.04.2021,8.1669,8.1227,8.1895,7.9715,,0.06
01.04.2021,8.1619,8.1064,8.19,7.9695,,0.49
01.04.2021,8.1221,8.2537,8.3058,8.1047,,0.25
31.03.2021,8.1017,8.2459,8.2873,8.0877,,-1.79
31.03.2021,8.2489,8.3261,8.3987,8.2091,,0.18
30.03.2021,8.2343,8.3368,8.3943,8.2056,,-1.22
30.03.2021,8.3362,8.2085,8.4595,8.192,,0.10
29.03.2021,8.3275,8.2358,8.4527,8.2041,,1.44
29.03.2021,8.2091,8.1237,8.232,8.0088,,-0.48
28.03.2021,8.249,8.135,8.2825,7.9923,,1.34
26.03.2021,8.14,7.9429,8.14,7.9005,,0.90
25.03.2021,8.0672,7.9303,8.1328,7.9085,,1.46
25.03.2021,7.9512,7.9281,8.0043,7.8736,,0.26
24.03.2021,7.9303,7.8801,7.9949,7.8652,,-0.05
24.03.2021,7.9346,7.9509,8.0577,7.8159,,0.26
23.03.2021,7.9143,7.9416,8.0424,7.8293,,-0.38
23.03.2021,7.9442,7.8056,7.9661,7.67,,0.08
22.03.2021,7.938,7.7635,7.9621,7.6884,,1.75
22.03.2021,7.8013,7.2215,8.1795,7.2205,,0.48
21.03.2021,7.7639,7.2165,8.477,7.2165,,7.55
19.03.2021,7.219,7.325,7.3678,7.1917,,0.07
18.03.2021,7.214,7.3221,7.362,7.1882,,-1.53
18.03.2021,7.326,7.5074,7.5698,7.2905,,0.05
17.03.2021,7.3223,7.4892,7.5626,7.2829,,-2.42
17.03.2021,7.5037,7.492,7.6363,7.4735,,0.11
16.03.2021,7.4953,7.4925,7.6406,7.473,,-0.01
16.03.2021,7.4957,7.5378,7.5504,7.466,,0.04
15.03.2021,7.4926,7.5317,7.5473,7.463,,-0.58
15.03.2021,7.5366,7.5635,7.6208,7.493,,0.08
14.03.2021,7.5303,7.5535,7.6168,7.4895,,-0.44
12.03.2021,7.5636,7.4703,7.6202,7.4636,,0.13
11.03.2021,7.5535,7.4696,7.6152,7.4598,,1.00
11.03.2021,7.4783,7.5131,7.5677,7.4381,,0.20
10.03.2021,7.4632,7.5093,7.5522,7.4225,,-0.52
10.03.2021,7.5024,7.617,7.6698,7.4911,,0.08
09.03.2021,7.4962,7.5956,7.6681,7.4833,,-1.58
09.03.2021,7.6166,7.7465,7.7859,7.585,,0.10
08.03.2021,7.6092,7.7336,7.7826,7.5815,,-2.09
08.03.2021,7.7718,7.535,7.7791,7.503,,0.49
07.03.2021,7.7336,7.5348,7.781,7.4975,,2.58
05.03.2021,7.5388,7.5069,7.5822,7.462,,0.05
04.03.2021,7.5348,7.5029,7.5803,7.4635,,0.41
04.03.2021,7.5039,7.4618,7.5789,7.401,,0.37
03.03.2021,7.4764,7.4453,7.5816,7.3987,,0.20
03.03.2021,7.4615,7.3552,7.5014,7.2895,,0.22
02.03.2021,7.4453,7.3352,7.4964,7.2873,,1.27
02.03.2021,7.3522,7.2838,7.4236,7.2722,,0.07
01.03.2021,7.3472,7.2717,7.4204,7.2687,,0.77
01.03.2021,7.2909,7.4359,7.4386,7.2258,,0.13
28.02.2021,7.2813,7.4226,7.4549,7.2133,,-1.94
26.02.2021,7.4253,7.3395,7.4866,7.2927,,0.04
25.02.2021,7.4221,7.3292,7.4845,7.2945,,1.13
25.02.2021,7.3395,7.1699,7.4395,7.1545,,0.14
24.02.2021,7.3292,7.1607,7.4347,7.151,,2.24
24.02.2021,7.1684,7.1054,7.2511,7.0715,,0.05
23.02.2021,7.1651,7.1063,7.2487,7.0694,,0.82
23.02.2021,7.107,7.0231,7.1193,7.003,,0.02
22.02.2021,7.1054,7.0103,7.1143,7.0015,,1.22
22.02.2021,7.0194,6.9665,7.09,6.9597,,0.03
21.02.2021,7.0171,6.9532,7.0874,6.9489,,0.77
19.02.2021,6.9637,6.9719,7.0037,6.947,,0.15
18.02.2021,6.9532,6.9707,6.9994,6.9435,,-0.21
18.02.2021,6.9678,6.9758,7.0177,6.926,,-0.05
17.02.2021,6.9711,6.9664,7.0093,6.9195,,-0.04
17.02.2021,6.9737,6.9941,7.0614,6.957,,0.02
16.02.2021,6.9725,6.9698,7.0585,6.9535,,-0.27
16.02.2021,6.9913,6.9616,7.0216,6.886,,0.10
15.02.2021,6.9841,6.9603,7.0176,6.8825,,0.30
15.02.2021,6.9634,7.0366,7.0377,6.945,,0.09
14.02.2021,6.9573,7.032,7.0452,6.9415,,-1.13
12.02.2021,7.0369,7.0224,7.0507,7.0025,,0.07
11.02.2021,7.0319,7.0238,7.0475,6.999,,0.09
11.02.2021,7.0255,7.0619,7.0678,7.001,,0.03
10.02.2021,7.0235,7.0528,7.0652,7.0005,,-0.54
10.02.2021,7.0618,7.0695,7.0945,7.0341,,0.08
09.02.2021,7.056,7.0588,7.086,7.0325,,-0.13
09.02.2021,7.0649,7.0761,7.1441,7.0648,,0.06
08.02.2021,7.0608,7.073,7.1418,7.0606,,-0.15
08.02.2021,7.0713,7.0593,7.1254,7.0212,,0.09
07.02.2021,7.0648,7.0443,7.1219,7.0185,,0.16
05.02.2021,7.0538,7.1392,7.1499,7.0305,,0.07
04.02.2021,7.0488,7.1343,7.1481,7.0281,,-1.24
04.02.2021,7.1373,7.1615,7.1783,7.094,,0.02
03.02.2021,7.1357,7.1478,7.1761,7.0981,,-0.37
03.02.2021,7.162,7.1977,7.206,7.117,,0.13
02.02.2021,7.1526,7.185,7.2023,7.1135,,-0.61
02.02.2021,7.1967,7.192,7.2057,7.083,,0.14
01.02.2021,7.1865,7.1869,7.2044,7.0795,,-0.11
01.02.2021,7.1946,7.3164,7.3166,7.1586,,0.10
31.01.2021,7.1876,7.3102,7.3146,7.1538,,-1.74
29.01.2021,7.3149,7.343,7.389,7.267,,0.06
28.01.2021,7.3102,7.3417,7.3856,7.2635,,-0.41
28.01.2021,7.3406,7.3987,7.4385,7.3306,,-0.10
27.01.2021,7.3481,7.3911,7.4323,7.3247,,-0.66
27.01.2021,7.3968,7.3474,7.4172,7.332,,0.07
26.01.2021,7.3918,7.3513,7.4131,7.3325,,0.60
26.01.2021,7.3479,7.4065,7.4371,7.328,,0.10
25.01.2021,7.3402,7.4015,7.4335,7.3265,,-0.93
25.01.2021,7.409,7.4147,7.4306,7.364,,0.15
24.01.2021,7.3977,7.4072,7.4255,7.3605,,-0.23
22.01.2021,7.4146,7.3674,7.4449,7.361,,0.10
21.01.2021,7.4072,7.3634,7.442,7.3605,,0.53
21.01.2021,7.3685,7.423,7.4267,7.3439,,0.02
20.01.2021,7.3669,7.4139,7.4227,7.3405,,-0.74
20.01.2021,7.4219,7.476,7.4862,7.3845,,0.11
19.01.2021,7.4139,7.4783,7.4812,7.381,,-0.81
19.01.2021,7.4741,7.4828,7.4907,7.411,,0.04
18.01.2021,7.4711,7.4768,7.4862,7.408,,-0.14
18.01.2021,7.4818,7.4729,7.5452,7.4495,,-0.03
17.01.2021,7.4837,7.4733,7.5416,7.4447,,0.11
15.01.2021,7.4753,7.346,7.5107,7.339,,0.38
14.01.2021,7.4468,7.3632,7.509,7.3455,,1.02
14.01.2021,7.3719,7.4014,7.4561,7.3452,,0.03
13.01.2021,7.3699,7.3993,7.4554,7.347,,-0.49
13.01.2021,7.4064,7.4611,7.4861,7.3953,,0.05
12.01.2021,7.4028,7.4446,7.4731,7.3837,,-0.68
12.01.2021,7.4532,7.4791,7.5205,7.4172,,0.13
11.01.2021,7.4433,7.4763,7.5189,7.4145,,-0.47
11.01.2021,7.4781,7.3536,7.5249,7.3536,,0.06
10.01.2021,7.4733,7.3626,7.5217,7.3289,,1.32
08.01.2021,7.3762,7.32,7.4154,7.2999,,0.18
07.01.2021,7.3626,7.3151,7.4128,7.2965,,0.58
07.01.2021,7.3198,7.3086,7.3952,7.2364,,0.04
06.01.2021,7.3169,7.294,7.3917,7.233,,0.14
06.01.2021,7.3067,7.3826,7.3929,7.2652,,0.07
05.01.2021,7.3019,7.3816,7.3909,7.2654,,-1.20
05.01.2021,7.3906,7.4293,7.4361,7.357,,0.08
04.01.2021,7.3844,7.4273,7.4314,7.3535,,-0.54
04.01.2021,7.4248,7.4403,7.447,7.34,,0.09
03.01.2021,7.4184,7.4257,7.442,7.3365,,-0.28
01.01.2021,7.4392,7.4392,7.4392,7.4392,,0.18
31.12.2020,7.4257,7.4257,7.4372,7.4257,,-0.15
31.12.2020,7.437,7.3835,7.496,7.3456,,0.15
30.12.2020,7.4257,7.3785,7.4921,7.3429,,0.59
30.12.2020,7.3823,7.3874,7.398,7.3009,,-0.02
29.12.2020,7.3837,7.3775,7.3941,7.2975,,-0.04
29.12.2020,7.3865,7.4496,7.4798,7.333,,0.07
28.12.2020,7.3815,7.4323,7.4759,7.3295,,-0.87
28.12.2020,7.4466,7.5702,7.5733,7.4044,,0.17
27.12.2020,7.4342,7.5835,7.5835,7.4009,,-1.63
25.12.2020,7.5575,7.5856,7.5998,7.5355,,-0.34
24.12.2020,7.5835,7.5835,7.5937,7.5275,,0.05
24.12.2020,7.5797,7.6398,7.6753,7.545,,-0.05
23.12.2020,7.5835,7.6374,7.672,7.5435,,-0.75
23.12.2020,7.6411,7.6634,7.668,7.613,,0.09
22.12.2020,7.6343,7.6565,7.6711,7.6095,,-0.36
22.12.2020,7.662,7.6536,7.6782,7.6163,,0.34
21.12.2020,7.636,7.6501,7.6735,7.6128,,-0.24
21.12.2020,7.6541,7.631,7.7392,7.6257,,0.05
20.12.2020,7.6501,7.6239,7.7344,7.6222,,0.28
18.12.2020,7.6289,7.7009,7.759,7.6139,,0.09
17.12.2020,7.6217,7.6988,7.754,7.6104,,-1.03
17.12.2020,7.7009,7.7999,7.8064,7.6908,,0.08
16.12.2020,7.6944,7.7944,7.8023,7.6875,,-1.34
16.12.2020,7.7991,7.8365,7.8468,7.7542,,0.06
15.12.2020,7.7944,7.8301,7.8438,7.7535,,-0.52
15.12.2020,7.835,7.8534,7.8718,7.808,,0.10
14.12.2020,7.8275,7.8484,7.8668,7.8045,,-0.33
14.12.2020,7.8533,7.8601,7.9408,7.821,,0.08
13.12.2020,7.847,7.8562,7.9358,7.8175,,-0.18
11.12.2020,7.8612,7.8871,8.0315,7.8163,,0.08
10.12.2020,7.8545,7.8738,8.0269,7.8128,,-0.43
10.12.2020,7.8884,7.8233,7.9237,7.8138,,0.13
09.12.2020,7.8785,7.8213,7.924,7.8183,,0.66
09.12.2020,7.8266,7.8246,7.86,7.7941,,0.07
08.12.2020,7.8208,7.8105,7.8513,7.7845,,0.07
08.12.2020,7.8155,7.8065,7.8528,7.791,,0.07
07.12.2020,7.81,7.7973,7.8452,7.7825,,0.12
07.12.2020,7.8009,7.8015,7.8743,7.7958,,0.00
06.12.2020,7.8012,7.7981,7.8717,7.7938,,-0.02
04.12.2020,7.8031,7.7739,7.8465,7.745,,0.09
03.12.2020,7.7958,7.7661,7.8415,7.7575,,0.26
03.12.2020,7.7752,7.8584,7.9231,7.756,,0.12
02.12.2020,7.766,7.8605,7.9181,7.7488,,-1.10
02.12.2020,7.8522,7.827,7.882,7.761,,0.11
01.12.2020,7.8439,7.8395,7.8806,7.7605,,0.19
01.12.2020,7.8288,7.8328,7.9186,7.7962,,0.11
30.11.2020,7.8203,7.8284,7.9164,7.7984,,-0.16
30.11.2020,7.8324,7.8343,7.8646,7.7429,,0.30
29.11.2020,7.8094,7.8332,7.8605,7.7404,,-0.33
27.11.2020,7.8352,7.8695,7.8879,7.7545,,0.03
26.11.2020,7.8332,7.8685,7.8863,7.7545,,-0.48
26.11.2020,7.8711,7.9311,7.9661,7.839,,0.03
25.11.2020,7.8691,7.9295,7.9651,7.8415,,-0.79
25.11.2020,7.9317,8.0002,8.0093,7.9028,,-0.05
24.11.2020,7.9358,7.9982,8.0077,7.903,,-0.83
24.11.2020,8.0022,7.8848,8.042,7.819,,0.06
23.11.2020,7.9975,7.881,8.049,7.8395,,1.43
23.11.2020,7.885,7.6404,7.9527,7.6345,,0.08
22.11.2020,7.8788,7.6323,7.9517,7.6206,,3.18
20.11.2020,7.6359,7.5545,7.6951,7.5152,,0.05
19.11.2020,7.6323,7.5507,7.6994,7.5131,,1.05
19.11.2020,7.5527,7.706,7.7352,7.497,,0.03
18.11.2020,7.5503,7.7103,7.7332,7.4975,,-2.02
18.11.2020,7.706,7.6982,7.7883,7.6684,,0.03
17.11.2020,7.704,7.6961,7.7868,7.6694,,0.05
17.11.2020,7.7002,7.7035,7.8009,7.6598,,-0.09
16.11.2020,7.7069,7.6877,7.797,7.6578,,0.09
16.11.2020,7.6996,7.6823,7.7589,7.576,,0.03
15.11.2020,7.6976,7.6403,7.7573,7.586,,0.44
13.11.2020,7.6642,7.6909,7.7515,7.585,,0.31
12.11.2020,7.6403,7.687,7.7475,7.5855,,-0.65
12.11.2020,7.6899,7.7996,7.8961,7.648,,0.21
11.11.2020,7.6736,7.7966,7.8946,7.6553,,-1.61
11.11.2020,7.7996,8.1457,8.2012,7.781,,0.06
10.11.2020,7.7949,8.1597,8.2024,7.7795,,-4.32
10.11.2020,8.1471,8.0665,8.3763,8.0425,,-0.16
09.11.2020,8.1599,8.0634,8.3847,8.0391,,1.17
09.11.2020,8.0654,8.4204,8.4478,7.975,,0.02
08.11.2020,8.0635,8.5028,8.5455,7.9985,,-5.41
06.11.2020,8.525,8.425,8.5839,8.392,,0.06
05.11.2020,8.52,8.4202,8.5827,8.4049,,1.16
05.11.2020,8.4222,8.4262,8.4812,8.3915,,0.02
04.11.2020,8.4203,8.4242,8.4792,8.4049,,-0.08
04.11.2020,8.4271,8.4012,8.5248,8.373,,0.02
03.11.2020,8.4251,8.4016,8.5222,8.3735,,0.26
03.11.2020,8.4036,8.4211,8.5477,8.3904,,0.04
02.11.2020,8.3999,8.419,8.5467,8.39,,-0.26
02.11.2020,8.422,8.3447,8.4478,8.3398,,0.03
01.11.2020,8.4191,8.3448,8.4446,8.3131,,0.87
30.10.2020,8.3468,8.2909,8.3857,8.2605,,0.03
29.10.2020,8.344,8.2926,8.3845,8.26,,0.63
29.10.2020,8.2921,8.2596,8.3315,8.2581,,-0.01
28.10.2020,8.2926,8.2626,8.3285,8.2542,,0.42
28.10.2020,8.2579,8.1838,8.3231,8.1811,,-0.19
27.10.2020,8.2737,8.1899,8.3288,8.1845,,1.05
27.10.2020,8.1874,8.0817,8.1974,8.0795,,-0.03
26.10.2020,8.1899,8.0907,8.2054,8.0793,,1.31
26.10.2020,8.0837,7.9635,8.1005,7.9582,,-0.08
25.10.2020,8.0903,7.961,8.098,7.9314,,1.58
23.10.2020,7.9648,7.9367,7.9803,7.9027,,0.05
22.10.2020,7.961,7.9382,7.977,7.9265,,0.33
22.10.2020,7.9351,7.81,7.9809,7.7781,,-0.12
21.10.2020,7.9447,7.8078,7.9791,7.7824,,1.70
21.10.2020,7.8121,7.8656,7.8856,7.7886,,0.05
20.10.2020,7.8083,7.8587,7.8824,7.7879,,-0.73
20.10.2020,7.8657,7.8845,7.9124,7.8562,,0.09
19.10.2020,7.859,7.8792,7.9079,7.8535,,-0.31
19.10.2020,7.8837,7.9353,7.9423,7.8702,,0.06
18.10.2020,7.879,7.9313,7.9383,7.87,,-0.70
16.10.2020,7.9344,7.9346,7.9601,7.8871,,0.04
15.10.2020,7.9313,7.9313,7.9573,7.8831,,-0.05
15.10.2020,7.935,7.9124,7.9546,7.9069,,0.03
14.10.2020,7.9324,7.9074,7.951,7.9018,,0.26
14.10.2020,7.9119,7.9162,7.9615,7.8978,,0.08
13.10.2020,7.9055,7.9248,7.9582,7.8971,,-0.17
13.10.2020,7.9187,7.8909,7.9308,7.8744,,-0.07
12.10.2020,7.9243,7.8923,7.9421,7.8718,,0.42
12.10.2020,7.8911,7.8608,7.9162,7.8513,,0.08
11.10.2020,7.885,7.8565,7.9124,7.839,,0.33
09.10.2020,7.8593,7.9433,7.9585,7.8356,,0.04
08.10.2020,7.8565,7.9389,7.9561,7.8345,,-1.11
08.10.2020,7.9446,7.8848,7.9489,7.8747,,0.07
07.10.2020,7.939,7.88,7.9456,7.8722,,0.69
07.10.2020,7.8848,7.8012,7.8963,7.7819,,0.08
06.10.2020,7.8783,7.7977,7.8923,7.7809,,1.04
06.10.2020,7.7969,7.7637,7.8056,7.7412,,-0.01
05.10.2020,7.7976,7.7621,7.8025,7.7389,,0.43
05.10.2020,7.7639,7.7734,7.7917,7.7215,,0.02
04.10.2020,7.762,7.77,7.788,7.721,,-0.16
02.10.2020,7.7748,7.7511,7.7915,7.697,,0.28
01.10.2020,7.7534,7.7262,7.7872,7.7178,,0.01
01.10.2020,7.753,7.7187,7.7809,7.6107,,0.39
30.09.2020,7.7229,7.7199,7.7795,7.6225,,0.05
30.09.2020,7.7187,7.8189,7.8398,7.6959,,-0.02
29.09.2020,7.7199,7.8059,7.8369,7.6932,,-1.27
29.09.2020,7.8189,7.8074,7.8622,7.751,,0.17
28.09.2020,7.8059,7.7889,7.8572,7.7587,,0.02
28.09.2020,7.8044,7.6628,7.8364,7.6501,,0.24
27.09.2020,7.7855,7.6607,7.8351,7.6476,,1.58
25.09.2020,7.6647,7.6228,7.6785,7.48,,0.01
24.09.2020,7.664,7.6177,7.6873,7.5028,,0.50
24.09.2020,7.6256,7.7005,7.72,7.529,,0.09
23.09.2020,7.619,7.6967,7.7171,7.5587,,-1.06
23.09.2020,7.7007,7.6658,7.7147,7.634,,0.05
22.09.2020,7.6968,7.6658,7.7119,7.6512,,0.40
22.09.2020,7.6659,7.631,7.6741,7.6045,,-0.01
21.09.2020,7.6665,7.63,7.6701,7.616,,0.44
21.09.2020,7.6328,7.5597,7.6417,7.5349,,0.10
20.09.2020,7.6249,7.5513,7.6392,7.5388,,0.85
18.09.2020,7.5603,7.5509,7.5854,7.517,,0.05
17.09.2020,7.5563,7.5429,7.5814,7.5365,,0.08
17.09.2020,7.5504,7.5042,7.5666,7.48,,0.12
16.09.2020,7.541,7.4844,7.5669,7.4808,,0.45
16.09.2020,7.5074,7.4877,7.5145,7.452,,0.30
15.09.2020,7.4847,7.4899,7.5212,7.4764,,-0.12
15.09.2020,7.494,7.4925,7.5067,7.4536,,0.07
14.09.2020,7.489,7.4722,7.4982,7.4575,,0.01
14.09.2020,7.488,7.472,7.5047,7.454,,0.21
13.09.2020,7.4722,7.4724,7.5007,7.4431,,-0.06
11.09.2020,7.4764,7.4522,7.4833,7.427,,0.03
10.09.2020,7.4745,7.4472,7.4803,7.4341,,0.33
10.09.2020,7.4501,7.4869,7.4914,7.39,,0.09
09.09.2020,7.4431,7.4793,7.4884,7.3965,,-0.58
09.09.2020,7.4868,7.482,7.4997,7.442,,0.10
08.09.2020,7.479,7.4847,7.4988,7.4725,,-0.08
08.09.2020,7.4849,7.4559,7.4927,7.4283,,0.00
07.09.2020,7.4847,7.4564,7.4898,7.445,,0.38
07.09.2020,7.4562,7.434,7.4679,7.4145,,0.03
06.09.2020,7.4536,7.4331,7.4659,7.4136,,0.22
04.09.2020,7.4371,7.4362,7.463,7.39,,-0.04
03.09.2020,7.4402,7.4295,7.4597,7.3903,,0.05
03.09.2020,7.4365,7.384,7.4545,7.3595,,-0.14
02.09.2020,7.4466,7.3765,7.4511,7.3593,,0.82
02.09.2020,7.3862,7.3684,7.4051,7.339,,0.13
01.09.2020,7.3765,7.3663,7.4096,7.3565,,0.10
01.09.2020,7.3692,7.3513,7.379,7.307,,0.08
31.08.2020,7.3634,7.3412,7.3766,7.3165,,0.17
31.08.2020,7.3506,7.3334,7.3734,7.303,,0.19
30.08.2020,7.3365,7.3329,7.3742,7.2975,,0.02
28.08.2020,7.3349,7.3574,7.3732,7.263,,0.03
27.08.2020,7.3329,7.3449,7.3712,7.2765,,-0.39
27.08.2020,7.3617,7.3693,7.381,7.274,,0.33
26.08.2020,7.3374,7.3675,7.3802,7.298,,-0.44
26.08.2020,7.3702,7.3939,7.4201,7.308,,0.13
25.08.2020,7.3607,7.3925,7.4161,7.3205,,-0.44
25.08.2020,7.3933,7.379,7.4095,7.346,,0.00
24.08.2020,7.3936,7.3743,7.4062,7.356,,0.20
24.08.2020,7.3788,7.3332,7.3844,7.3029,,0.06
23.08.2020,7.3741,7.3352,7.3831,7.2746,,0.48
21.08.2020,7.3386,7.2958,7.351,7.1766,,0.10
20.08.2020,7.3315,7.2978,7.3486,7.1845,,0.46
20.08.2020,7.2978,7.2926,7.3566,7.255,,0.03
19.08.2020,7.2957,7.2832,7.3545,7.2535,,0.04
19.08.2020,7.2925,7.3716,7.3831,7.186,,0.07
18.08.2020,7.2871,7.3651,7.3818,7.2,,-1.17
18.08.2020,7.3736,7.3849,7.4036,7.325,,0.00
17.08.2020,7.3738,7.3838,7.3996,7.3485,,-0.13
17.08.2020,7.3837,7.375,7.4033,7.35,,-0.02
16.08.2020,7.3853,7.3715,7.3983,7.3562,,0.21
14.08.2020,7.3698,7.3388,7.3887,7.3224,,0.25
13.08.2020,7.3513,7.3516,7.3864,7.3152,,0.18
13.08.2020,7.3384,7.3321,7.3606,7.258,,0.13
12.08.2020,7.3291,7.3224,7.3587,7.2815,,-0.03
12.08.2020,7.3316,7.2054,7.3406,7.1753,,0.13
11.08.2020,7.3221,7.1842,7.3372,7.1842,,1.29
11.08.2020,7.2291,7.359,7.3743,7.1917,,0.62
10.08.2020,7.1842,7.3292,7.3495,7.1842,,-2.05
10.08.2020,7.3349,7.2888,7.3672,7.2311,,0.08
09.08.2020,7.329,7.2868,7.3652,7.2322,,0.48
07.08.2020,7.2941,7.24,7.3677,7.104,,0.04
06.08.2020,7.2911,7.2179,7.3695,7.1135,,0.72
06.08.2020,7.2389,7.0469,7.3106,7.0167,,0.29
05.08.2020,7.2179,7.0383,7.311,7.0235,,2.42
05.08.2020,7.0476,6.9013,7.0769,6.8913,,0.10
04.08.2020,7.0404,6.9271,7.0748,6.889,,2.02
04.08.2020,6.9008,6.9566,6.9834,6.8872,,-0.30
03.08.2020,6.9217,6.9408,6.9813,6.8775,,-0.52
03.08.2020,6.9578,6.9748,6.9922,6.9446,,0.24
02.08.2020,6.9408,6.97,6.9929,6.9363,,-0.45
31.07.2020,6.9719,6.9954,7.0085,6.9552,,-0.01
30.07.2020,6.9729,6.9794,7.0083,6.9552,,-0.32
30.07.2020,6.9955,6.982,7.0139,6.9368,,0.32
29.07.2020,6.9735,6.9706,7.0101,6.9495,,-0.14
29.07.2020,6.9831,6.9336,7.001,6.9112,,0.24
28.07.2020,6.9661,6.9304,7.0024,6.9185,,0.44
28.07.2020,6.9355,6.8615,6.9749,6.849,,0.07
27.07.2020,6.9309,6.8647,6.9784,6.849,,1.00
27.07.2020,6.8625,6.8453,6.9615,6.8325,,-0.03
26.07.2020,6.8648,6.8446,6.9585,6.8331,,0.24
24.07.2020,6.8484,6.8431,6.8552,6.8298,,0.06
23.07.2020,6.8446,6.8371,6.8514,6.8275,,0.01
23.07.2020,6.8438,6.8549,6.8564,6.8224,,0.12
22.07.2020,6.8356,6.8388,6.8514,6.822,,-0.22
22.07.2020,6.8506,6.8224,6.8549,6.8162,,0.17
21.07.2020,6.8388,6.8216,6.853,6.8187,,0.20
21.07.2020,6.8254,6.8593,6.8642,6.8155,,0.12
20.07.2020,6.8173,6.8499,6.8597,6.814,,-0.59
20.07.2020,6.8578,6.8556,6.8624,6.84,,0.11
19.07.2020,6.8505,6.8567,6.8608,6.8395,,-0.12
17.07.2020,6.8586,6.8604,6.8769,6.8418,,0.02
16.07.2020,6.8571,6.8566,6.8736,6.84,,0.00
16.07.2020,6.8571,6.8571,6.8661,6.8422,,0.02
15.07.2020,6.8555,6.8563,6.8625,6.8415,,0.00
15.07.2020,6.8558,6.8652,6.8701,6.8511,,-0.01
14.07.2020,6.8568,6.8628,6.8669,6.8462,,-0.11
14.07.2020,6.8642,6.8578,6.8705,6.8486,,0.04
13.07.2020,6.8617,6.8564,6.8693,6.85,,0.02
13.07.2020,6.8602,6.8697,6.8758,6.839,,0.07
12.07.2020,6.8557,6.8615,6.8726,6.8405,,-0.15
10.07.2020,6.8658,6.8626,6.8728,6.848,,0.03
09.07.2020,6.8638,6.857,6.8681,6.8466,,0.03
09.07.2020,6.862,6.8598,6.8703,6.8468,,0.03
08.07.2020,6.8602,6.8601,6.8681,6.845,,0.00
08.07.2020,6.8605,6.8595,6.8706,6.842,,0.00
07.07.2020,6.8606,6.854,6.8668,6.8405,,0.02
07.07.2020,6.8595,6.862,6.8724,6.842,,0.09
06.07.2020,6.8533,6.8576,6.8684,6.8415,,-0.11
06.07.2020,6.8609,6.8614,6.8688,6.8308,,0.05
05.07.2020,6.8574,6.8608,6.866,6.8305,,-0.07
03.07.2020,6.8624,6.8502,6.8834,6.8357,,0.08
02.07.2020,6.8571,6.8496,6.8825,6.8365,,0.09
02.07.2020,6.851,6.8473,6.8593,6.8325,,0.01
01.07.2020,6.85,6.8475,6.8563,6.8345,,0.03
01.07.2020,6.8479,6.855,6.8599,6.837,,0.03
30.06.2020,6.846,6.8502,6.8561,6.8345,,-0.10
30.06.2020,6.8525,6.8524,6.8581,6.8365,,0.03
29.06.2020,6.8502,6.8526,6.8558,6.8358,,-0.07
29.06.2020,6.8548,6.8513,6.8588,6.8389,,0.05
28.06.2020,6.8517,6.8542,6.8573,6.838,,-0.04
26.06.2020,6.8546,6.8585,6.8623,6.838,,0.01
25.06.2020,6.8542,6.8528,6.8583,6.8355,,-0.01
25.06.2020,6.8549,6.8536,6.8613,6.8243,,0.04
24.06.2020,6.8521,6.8493,6.8592,6.8235,,-0.05
24.06.2020,6.8558,6.85,6.8621,6.8315,,0.09
23.06.2020,6.8499,6.8468,6.8598,6.8345,,-0.02
23.06.2020,6.8511,6.8491,6.8633,6.8309,,0.06
22.06.2020,6.8469,6.8457,6.8594,6.8285,,-0.02
22.06.2020,6.8483,6.8466,6.8601,6.827,,0.14
21.06.2020,6.8388,6.85,6.9131,6.827,,-0.21
19.06.2020,6.853,6.8578,6.8621,6.8202,,0.04
18.06.2020,6.85,6.8546,6.8598,6.8215,,-0.09
18.06.2020,6.8562,6.8436,6.8614,6.8227,,-0.02
17.06.2020,6.8575,6.8369,6.8609,6.832,,0.19
17.06.2020,6.8448,6.8436,6.8617,6.82,,0.12
16.06.2020,6.8369,6.847,6.8595,6.822,,-0.10
16.06.2020,6.8439,6.8378,6.8523,6.8116,,-0.07
15.06.2020,6.8487,6.8349,6.8502,6.812,,0.18
15.06.2020,6.8363,6.8124,6.8636,6.801,,0.23
14.06.2020,6.8208,6.8094,6.861,6.7952,,0.12
12.06.2020,6.8126,6.8415,6.8448,6.787,,0.03
11.06.2020,6.8105,6.8314,6.8428,6.789,,-0.45
11.06.2020,6.8414,6.7748,6.8559,6.7625,,0.11
10.06.2020,6.8342,6.7779,6.8539,6.765,,0.85
10.06.2020,6.7768,6.7965,6.8024,6.76,,0.14
09.06.2020,6.7672,6.796,6.8087,6.7624,,-0.44
09.06.2020,6.7973,6.7885,6.8092,6.766,,0.11
08.06.2020,6.7901,6.7848,6.8088,6.766,,0.04
08.06.2020,6.7876,6.7574,6.7993,6.755,,0.00
07.06.2020,6.7877,6.768,6.7941,6.7477,,0.26
05.06.2020,6.77,6.7537,6.7882,6.7295,,0.16
04.06.2020,6.7589,6.7501,6.7869,6.7344,,0.05
04.06.2020,6.7558,6.7459,6.7724,6.7155,,0.12
03.06.2020,6.7474,6.7255,6.769,6.7155,,0.05
03.06.2020,6.744,6.7048,6.7695,6.6805,,0.33
02.06.2020,6.7215,6.6848,6.7679,6.683,,0.10
02.06.2020,6.7145,6.8123,6.822,6.686,,0.09
01.06.2020,6.7081,6.8121,6.8209,6.6736,,-1.56
01.06.2020,6.8142,6.8241,6.8294,6.789,,0.17
31.05.2020,6.8026,6.8201,6.8262,6.789,,-0.26
29.05.2020,6.8202,6.8137,6.8419,6.7925,,0.12
28.05.2020,6.8121,6.8141,6.8401,6.8,,-0.03
28.05.2020,6.8138,6.7733,6.8262,6.765,,-0.06
27.05.2020,6.8176,6.7735,6.8236,6.768,,0.65
27.05.2020,6.7739,6.729,6.7859,6.7195,,-0.02
26.05.2020,6.7751,6.7039,6.7831,6.6978,,0.71
26.05.2020,6.7275,6.8091,6.8205,6.6965,,0.08
25.05.2020,6.7219,6.8112,6.8175,6.6979,,-1.29
25.05.2020,6.81,6.8156,6.8186,6.7952,,-0.01
24.05.2020,6.8105,6.8107,6.817,6.7961,,-0.06
22.05.2020,6.8147,6.7943,6.8296,6.778,,0.04
21.05.2020,6.8123,6.7874,6.8244,6.7708,,0.31
21.05.2020,6.7915,6.7923,6.8258,6.7827,,0.10
20.05.2020,6.7845,6.7838,6.816,6.776,,-0.10
20.05.2020,6.7912,6.7775,6.802,6.762,,0.12
19.05.2020,6.7829,6.7685,6.7994,6.7665,,0.08
19.05.2020,6.7775,6.887,6.8896,6.7544,,0.13
18.05.2020,6.7686,6.8795,6.8858,6.7544,,-1.69
18.05.2020,6.8851,6.9008,6.9038,6.8175,,0.07
17.05.2020,6.8805,6.8992,6.9018,6.824,,-0.30
15.05.2020,6.9012,6.9201,6.9315,6.8875,,0.03
14.05.2020,6.8994,6.9217,6.9326,6.8895,,-0.33
14.05.2020,6.922,6.9745,6.9883,6.901,,0.00
13.05.2020,6.922,6.9704,6.9765,6.9003,,-0.76
13.05.2020,6.9748,7.0006,7.001,6.963,,0.06
12.05.2020,6.9704,6.9915,6.9972,6.963,,-0.38
12.05.2020,6.9971,7.0698,7.0769,6.9635,,0.09
11.05.2020,6.9907,7.0714,7.0727,6.967,,-1.21
11.05.2020,7.0762,7.0844,7.1068,7.048,,0.10
10.05.2020,7.069,7.082,7.1679,7.05,,-0.21
08.05.2020,7.084,7.1185,7.1703,7.056,,0.05
07.05.2020,7.0802,7.1235,7.168,7.058,,-0.55
07.05.2020,7.1195,7.1977,7.2715,7.054,,-0.04
06.05.2020,7.1224,7.1983,7.2685,7.0632,,-1.03
06.05.2020,7.1968,7.0732,7.2072,7.0602,,-0.03
05.05.2020,7.1986,7.0632,7.2073,7.0624,,1.75
05.05.2020,7.0746,7.0417,7.1017,7.018,,0.11
04.05.2020,7.0665,7.0441,7.0998,7.0204,,0.33
04.05.2020,7.043,7.0128,7.0525,6.992,,-0.01
03.05.2020,7.0438,7.008,7.0512,6.9927,,0.45
01.05.2020,7.012,6.9882,7.0441,6.9775,,0.10
30.04.2020,7.0047,6.9866,7.04,6.98,,0.26
30.04.2020,6.9864,6.9543,6.9955,6.9445,,0.00
29.04.2020,6.9867,6.9505,6.9908,6.9464,,0.50
29.04.2020,6.952,6.989,6.9961,6.9453,,0.02
28.04.2020,6.9507,6.9807,6.993,6.9391,,-0.52
28.04.2020,6.9868,6.9858,7.0038,6.9788,,0.09
27.04.2020,6.9808,6.9824,7.0001,6.9798,,-0.08
27.04.2020,6.9862,6.9726,6.9976,6.9436,,0.06
26.04.2020,6.9821,6.9725,6.993,6.941,,0.11
24.04.2020,6.9742,6.94,6.9964,6.94,,0.39
23.04.2020,6.9472,6.9495,6.9948,6.9455,,0.01
23.04.2020,6.9462,6.9827,7.0011,6.9242,,0.04
22.04.2020,6.9437,6.9707,6.9977,6.9242,,-0.50
22.04.2020,6.9787,6.9812,7.0084,6.9475,,0.03
21.04.2020,6.9766,6.9724,7.008,6.95,,-0.07
21.04.2020,6.9812,6.9399,6.998,6.9318,,0.17
20.04.2020,6.9695,6.9366,6.9969,6.9358,,0.42
20.04.2020,6.9402,6.9304,6.9575,6.871,,0.02
19.04.2020,6.9388,6.93,6.9538,6.871,,0.10
17.04.2020,6.9318,6.9385,6.9565,6.8218,,0.13
16.04.2020,6.9229,6.9197,6.9551,6.825,,-0.24
16.04.2020,6.9397,6.9098,6.9591,6.883,,0.29
15.04.2020,6.9194,6.9048,6.9581,6.8874,,0.11
15.04.2020,6.9118,6.8186,6.9277,6.8135,,0.10
14.04.2020,6.9048,6.8151,6.9246,6.8151,,1.31
14.04.2020,6.8155,6.7702,6.8229,6.7577,,0.01
13.04.2020,6.8147,6.7708,6.8216,6.761,,0.63
13.04.2020,6.7721,6.7033,6.8001,6.7008,,0.02
12.04.2020,6.7705,6.695,6.7964,6.6868,,1.05
10.04.2020,6.7001,6.6766,6.7272,6.656,,0.18
09.04.2020,6.688,6.6582,6.7244,6.6565,,0.20
09.04.2020,6.6746,6.7747,6.7954,6.6108,,-0.03
08.04.2020,6.6765,6.7668,6.7934,6.6128,,-1.43
08.04.2020,6.7737,6.752,6.7973,6.751,,0.13
07.04.2020,6.7648,6.7611,6.7923,6.754,,0.16
07.04.2020,6.754,6.7791,6.7891,6.689,,-0.05
06.04.2020,6.7577,6.7635,6.7769,6.692,,-0.35
06.04.2020,6.7815,6.7301,6.7948,6.704,,0.29
05.04.2020,6.7618,6.7318,6.7916,6.705,,0.46
03.04.2020,6.731,6.6147,6.751,6.607,,-0.06
02.04.2020,6.7348,6.6314,6.7497,6.6275,,1.81
02.04.2020,6.6153,6.7003,6.7127,6.5862,,-0.20
01.04.2020,6.6288,6.7076,6.712,6.5895,,-1.11
01.04.2020,6.7029,6.6182,6.7109,6.6094,,-0.08
31.03.2020,6.7086,6.6125,6.71,6.609,,1.43
31.03.2020,6.6143,6.5786,6.6221,6.5482,,0.01
30.03.2020,6.6139,6.5676,6.6189,6.549,,0.56
30.03.2020,6.5773,6.4579,6.5923,6.4449,,0.18
29.03.2020,6.5652,6.453,6.5882,6.4413,,1.71
27.03.2020,6.455,6.3962,6.4708,6.3855,,0.03
26.03.2020,6.453,6.393,6.47,6.3875,,0.86
26.03.2020,6.3979,6.4163,6.5083,6.3805,,0.09
25.03.2020,6.392,6.4124,6.5048,6.3805,,-0.39
25.03.2020,6.4169,6.423,6.4731,6.3769,,0.01
24.03.2020,6.4161,6.4214,6.4691,6.3765,,-0.07
24.03.2020,6.4203,6.5615,6.567,6.3914,,0.15
23.03.2020,6.4109,6.5552,6.5632,6.3936,,-2.30
23.03.2020,6.5617,6.5545,6.6138,6.5431,,0.10
22.03.2020,6.5552,6.5512,6.609,6.5258,,0.04
20.03.2020,6.5525,6.5418,6.5649,6.4528,,0.08
19.03.2020,6.5472,6.5432,6.5659,6.4548,,0.05
19.03.2020,6.5439,6.4878,6.5548,6.4653,,0.05
18.03.2020,6.5403,6.4694,6.55,6.4606,,0.84
18.03.2020,6.4858,6.392,6.4995,6.387,,0.11
17.03.2020,6.4786,6.3956,6.4965,6.3878,,1.27
17.03.2020,6.3974,6.4313,6.498,6.378,,0.04
16.03.2020,6.3951,6.4222,6.4944,6.377,,-0.57
16.03.2020,6.4315,6.331,6.4465,6.278,,0.15
15.03.2020,6.4222,6.321,6.4425,6.278,,1.42
13.03.2020,6.3321,6.3139,6.3392,6.24,,0.06
12.03.2020,6.3283,6.3098,6.339,6.243,,0.20
12.03.2020,6.3159,6.2089,6.321,6.2027,,0.07
11.03.2020,6.3118,6.2116,6.3197,6.205,,1.65
11.03.2020,6.2091,6.1584,6.2141,6.1245,,-0.03
10.03.2020,6.2108,6.1758,6.2172,6.125,,0.87
10.03.2020,6.1575,6.1485,6.1725,6.0996,,-0.30
09.03.2020,6.1757,6.1525,6.1757,6.097,,0.51
09.03.2020,6.1442,6.0919,6.1951,6.0833,,-0.16
08.03.2020,6.1538,6.0917,6.2029,6.0855,,1.02
06.03.2020,6.0919,6.1097,6.1296,6.0645,,0.03
05.03.2020,6.0899,6.1049,6.1284,6.068,,-0.34
05.03.2020,6.1105,6.0785,6.1354,6.0527,,0.01
04.03.2020,6.1097,6.0746,6.1337,6.0648,,0.53
04.03.2020,6.0773,6.1058,6.1472,6.0547,,0.07
03.03.2020,6.0731,6.1031,6.1461,6.058,,-0.56
03.03.2020,6.107,6.1779,6.2248,6.0307,,0.06
02.03.2020,6.1034,6.1623,6.2213,6.0308,,-1.15
02.03.2020,6.1743,6.2453,6.2615,6.1575,,0.05
01.03.2020,6.1713,6.2435,6.2588,6.1585,,-1.14
28.02.2020,6.2427,6.211,6.2605,6.195,,0.09
27.02.2020,6.2371,6.2069,6.2565,6.196,,0.47
27.02.2020,6.2078,6.157,6.2115,6.1452,,0.02
26.02.2020,6.2067,6.1564,6.2082,6.149,,0.77
26.02.2020,6.159,6.1441,6.1674,6.136,,0.07
25.02.2020,6.1547,6.1438,6.1639,6.136,,0.17
25.02.2020,6.1441,6.1189,6.1611,6.0659,,0.05
24.02.2020,6.1413,6.1144,6.1587,6.066,,0.39
24.02.2020,6.1177,6.0962,6.1624,6.0932,,0.05
23.02.2020,6.1144,6.0963,6.1603,6.0935,,0.30
21.02.2020,6.0964,6.1002,6.1289,6.087,,0.00
20.02.2020,6.0963,6.0945,6.1251,6.084,,-0.07
20.02.2020,6.1004,6.0825,6.1114,6.076,,0.07
19.02.2020,6.0959,6.0815,6.1077,6.076,,0.22
19.02.2020,6.0823,6.0629,6.0892,6.0447,,0.05
18.02.2020,6.079,6.059,6.0869,6.046,,0.24
18.02.2020,6.0642,6.0455,6.0765,6.041,,0.08
17.02.2020,6.0595,6.0406,6.0725,6.0406,,0.24
17.02.2020,6.0449,6.0542,6.0602,6.0332,,0.04
16.02.2020,6.0427,6.055,6.0571,6.035,,-0.13
14.02.2020,6.0505,6.0377,6.0683,6.0311,,-0.08
13.02.2020,6.055,6.0374,6.0678,6.0336,,0.24
13.02.2020,6.0405,6.048,6.0686,6.0353,,0.09
12.02.2020,6.0352,6.0446,6.0649,6.035,,-0.11
12.02.2020,6.042,6.013,6.067,5.996,,-0.03
11.02.2020,6.0437,6.01,6.0655,5.998,,0.45
11.02.2020,6.0163,6.0098,6.0501,5.9985,,0.22
10.02.2020,6.0029,6.0075,6.0501,6.0015,,-0.13
10.02.2020,6.0108,6.0164,6.0257,5.972,,0.10
09.02.2020,6.0048,6.01,6.0249,5.974,,-0.17
07.02.2020,6.0153,5.9869,6.0476,5.9725,,0.02
06.02.2020,6.0143,5.9858,6.048,5.976,,0.45
06.02.2020,5.9874,5.9803,5.99,5.9726,,0.03
05.02.2020,5.9858,5.9812,5.9889,5.975,,0.05
05.02.2020,5.9827,5.982,5.992,5.9688,,0.05
04.02.2020,5.9799,5.9778,5.9893,5.97,,0.00
04.02.2020,5.9801,5.9843,5.9888,5.9575,,0.04
03.02.2020,5.9778,5.9831,5.9868,5.959,,-0.11
03.02.2020,5.9844,5.9829,5.9876,5.9729,,0.01
02.02.2020,5.9839,5.9681,5.9865,5.9681,,0.03
31.01.2020,5.9822,5.9727,5.987,5.9639,,0.02
30.01.2020,5.9812,5.9746,5.9866,5.9629,,0.15
30.01.2020,5.9725,5.9617,5.9934,5.9563,,0.05
29.01.2020,5.9698,5.9587,5.9873,5.9547,,0.22
29.01.2020,5.9567,5.9409,5.9753,5.9327,,0.00
28.01.2020,5.9566,5.9398,5.9729,5.9335,,0.27
28.01.2020,5.9403,5.9422,5.9537,5.926,,0.01
27.01.2020,5.9396,5.9423,5.9527,5.928,,-0.07
27.01.2020,5.944,5.9392,5.9574,5.929,,0.09
26.01.2020,5.9389,5.9381,5.9576,5.932,,0.00
24.01.2020,5.9391,5.9314,5.9478,5.917,,0.02
23.01.2020,5.9378,5.9323,5.9475,5.92,,0.06
23.01.2020,5.9344,5.922,5.9495,5.8994,,0.04
22.01.2020,5.9323,5.9228,5.9474,5.901,,0.17
22.01.2020,5.9222,5.9405,5.9479,5.915,,0.02
21.01.2020,5.9209,5.9359,5.9444,5.915,,-0.28
21.01.2020,5.9376,5.9122,5.9416,5.9107,,0.05
20.01.2020,5.9348,5.9111,5.9386,5.9111,,0.37
20.01.2020,5.9132,5.881,5.9218,5.881,,0.06
19.01.2020,5.9099,5.8898,5.9191,5.882,,0.32
17.01.2020,5.8908,5.8574,5.9106,5.841,,0.09
16.01.2020,5.8857,5.8581,5.9124,5.844,,0.44
16.01.2020,5.8597,5.8773,5.8963,5.835,,0.09
15.01.2020,5.8547,5.8741,5.8919,5.8345,,-0.36
15.01.2020,5.8758,5.8815,5.9008,5.8654,,0.05
14.01.2020,5.8728,5.8779,5.9006,5.8684,,-0.15
14.01.2020,5.8819,5.8674,5.9036,5.858,,0.04
13.01.2020,5.8798,5.8644,5.9015,5.8609,,0.22
13.01.2020,5.8671,5.8839,5.8845,5.8509,,0.02
12.01.2020,5.8657,5.8848,5.8848,5.8485,,-0.20
10.01.2020,5.8777,5.8706,5.8966,5.8535,,0.02
09.01.2020,5.8767,5.8686,5.8962,5.857,,0.05
09.01.2020,5.8739,5.9093,5.9306,5.8593,,0.03
08.01.2020,5.8723,5.905,5.9268,5.8562,,-0.62
08.01.2020,5.9091,5.971,5.9881,5.895,,0.07
07.01.2020,5.905,5.971,5.9885,5.898,,-1.13
07.01.2020,5.9727,5.9677,5.9791,5.9459,,0.04
06.01.2020,5.9706,5.9676,5.9775,5.9477,,0.03
06.01.2020,5.969,5.9758,5.9811,5.9631,,0.03
05.01.2020,5.9674,5.9713,5.9768,5.9625,,-0.08
03.01.2020,5.9723,5.9545,5.9785,5.946,,0.02
02.01.2020,5.9712,5.9548,5.9781,5.949,,0.25
02.01.2020,5.9566,5.9458,5.9615,5.9415,,0.04
01.01.2020,5.954,5.944,5.9599,5.9424,,0.12
01.01.2020,5.9466,5.9461,5.9491,5.9375,,0.06
31.12.2019,5.9433,5.9451,5.9592,5.9405,,-0.09
31.12.2019,5.9489,5.9451,5.9521,5.9369,,0.02
30.12.2019,5.9479,5.9462,5.9521,5.9399,,0.00
30.12.2019,5.9479,5.9521,5.954,5.9348,,0.03
29.12.2019,5.9462,5.9492,5.952,5.935,,-0.07
27.12.2019,5.9502,5.9261,5.9604,5.922,,0.10
26.12.2019,5.9441,5.932,5.9598,5.925,,0.18
26.12.2019,5.9335,5.9344,5.9479,5.9289,,0.04
25.12.2019,5.931,5.9364,5.9436,5.928,,-0.07
25.12.2019,5.935,5.9459,5.9488,5.926,,0.00
24.12.2019,5.9351,5.9449,5.95,5.929,,-0.20
24.12.2019,5.9468,5.9474,5.9564,5.925,,0.01
23.12.2019,5.946,5.9476,5.9554,5.93,,-0.04
23.12.2019,5.9486,5.9393,5.9513,5.9135,,0.03
22.12.2019,5.947,5.9356,5.9505,5.917,,0.12
20.12.2019,5.94,5.9424,5.9469,5.8994,,0.12
19.12.2019,5.933,5.9374,5.9436,5.9013,,-0.15
19.12.2019,5.9417,5.926,5.9475,5.8987,,0.04
18.12.2019,5.9392,5.9236,5.9443,5.899,,0.22
18.12.2019,5.9261,5.8866,5.9345,5.8852,,0.01
17.12.2019,5.9256,5.884,5.9312,5.884,,0.67
17.12.2019,5.886,5.8503,5.893,5.8441,,0.04
16.12.2019,5.8835,5.847,5.8892,5.844,,0.58
16.12.2019,5.8498,5.8116,5.8626,5.8029,,0.02
15.12.2019,5.8484,5.8072,5.8586,5.8024,,0.69
13.12.2019,5.8082,5.7885,5.8264,5.7639,,0.02
12.12.2019,5.8072,5.789,5.8264,5.7679,,0.27
12.12.2019,5.7914,5.8084,5.8122,5.7585,,0.04
11.12.2019,5.789,5.8059,5.8104,5.76,,-0.32
11.12.2019,5.8074,5.8038,5.8188,5.788,,0.16
10.12.2019,5.7984,5.8027,5.8185,5.792,,-0.13
10.12.2019,5.8057,5.8104,5.8205,5.7865,,0.01
09.12.2019,5.805,5.8084,5.8186,5.792,,-0.11
09.12.2019,5.8113,5.7786,5.8201,5.7709,,0.07
08.12.2019,5.8073,5.7756,5.8169,5.7653,,0.53
06.12.2019,5.7766,5.7458,5.7898,5.735,,0.05
05.12.2019,5.774,5.7429,5.7896,5.738,,0.44
05.12.2019,5.7485,5.7459,5.7724,5.7364,,0.06
04.12.2019,5.7453,5.7465,5.7685,5.736,,-0.10
04.12.2019,5.7508,5.7429,5.7611,5.7304,,0.04
03.12.2019,5.7486,5.7403,5.7581,5.731,,0.10
03.12.2019,5.7431,5.7395,5.7645,5.7241,,0.03
02.12.2019,5.7414,5.7364,5.766,5.73,,0.00
02.12.2019,5.7415,5.7488,5.7663,5.7293,,0.06
01.12.2019,5.738,5.747,5.7642,5.731,,-0.16
29.11.2019,5.747,5.7496,5.7669,5.731,,0.02
28.11.2019,5.746,5.7486,5.7667,5.735,,-0.22
28.11.2019,5.7585,5.7795,5.7903,5.7536,,0.08
27.11.2019,5.7541,5.7734,5.784,5.7526,,-0.41
27.11.2019,5.7779,5.7575,5.7914,5.7445,,0.06
26.11.2019,5.7745,5.7556,5.7913,5.7485,,0.26
26.11.2019,5.7597,5.742,5.7736,5.7316,,0.08
25.11.2019,5.7552,5.7393,5.7705,5.732,,0.24
25.11.2019,5.7416,5.7247,5.7611,5.7034,,0.05
24.11.2019,5.7388,5.7122,5.7538,5.699,,0.45
22.11.2019,5.7132,5.689,5.7235,5.684,,0.02
21.11.2019,5.7122,5.6915,5.7235,5.6915,,0.27
21.11.2019,5.6966,5.7027,5.7138,5.683,,0.04
20.11.2019,5.6943,5.6954,5.7092,5.682,,-0.09
20.11.2019,5.6997,5.7022,5.7283,5.6856,,0.08
19.11.2019,5.6954,5.695,5.7216,5.682,,-0.06
19.11.2019,5.699,5.7299,5.7422,5.69,,-0.66
18.11.2019,5.7369,5.7465,5.7566,5.7171,,-0.15
15.11.2019,5.7453,5.7451,5.7702,5.733,,-0.04
14.11.2019,5.7477,5.7421,5.782,5.7351,,0.13
13.11.2019,5.7403,5.7746,5.7818,5.728,,-0.65
12.11.2019,5.7776,5.7702,5.7823,5.7565,,0.07
11.11.2019,5.7733,5.7711,5.7987,5.7598,,0.11
08.11.2019,5.7668,5.7515,5.7712,5.733,,0.25
07.11.2019,5.7522,5.7521,5.7676,5.7306,,0.02
06.11.2019,5.7508,5.7545,5.7752,5.7418,,-0.04
05.11.2019,5.7532,5.7382,5.7669,5.7144,,0.25
04.11.2019,5.7387,5.7065,5.7413,5.675,,0.46
01.11.2019,5.7124,5.7251,5.7525,5.7042,,-0.01
31.10.2019,5.713,5.7072,5.7321,5.6974,,0.19
30.10.2019,5.702,5.7348,5.7704,5.6925,,-0.61
29.10.2019,5.7372,5.7332,5.7562,5.7144,,0.10
28.10.2019,5.7312,5.7767,5.7785,5.714,,-0.75
25.10.2019,5.7748,5.7625,5.7917,5.7475,,0.18
24.10.2019,5.7647,5.7345,5.7812,5.7252,,0.52
23.10.2019,5.7351,5.8088,5.8134,5.724,,-1.26
22.10.2019,5.8084,5.8584,5.8652,5.7835,,-0.85
21.10.2019,5.8582,5.7948,5.8697,5.7778,,1.14
18.10.2019,5.7919,5.8287,5.8325,5.7435,,-0.65
17.10.2019,5.8299,5.8871,5.9315,5.8132,,-0.97
16.10.2019,5.887,5.9131,5.9321,5.868,,-0.50
15.10.2019,5.9164,5.9347,5.9414,5.8602,,-0.18
14.10.2019,5.9271,5.8852,5.9383,5.8851,,0.71
11.10.2019,5.8853,5.8347,5.8989,5.8055,,0.84
10.10.2019,5.8365,5.8715,5.9021,5.8178,,-0.59
09.10.2019,5.8712,5.8308,5.8787,5.8112,,0.69
08.10.2019,5.831,5.8337,5.8516,5.7769,,-0.03
07.10.2019,5.8328,5.7046,5.8452,5.694,,2.40
04.10.2019,5.6962,5.6926,5.7127,5.67,,0.03
03.10.2019,5.6947,5.7024,5.7176,5.665,,-0.13
02.10.2019,5.702,5.7272,5.7641,5.6963,,-0.37
01.10.2019,5.7231,5.6459,5.7324,5.637,,1.31
30.09.2019,5.6489,5.6708,5.6772,5.628,,-0.39
27.09.2019,5.6708,5.6653,5.6894,5.6415,,0.09
26.09.2019,5.6655,5.6706,5.6988,5.6418,,-0.09
25.09.2019,5.6706,5.6993,5.7134,5.6655,,-0.47
24.09.2019,5.6973,5.7158,5.7221,5.662,,-0.35
23.09.2019,5.7174,5.743,5.7453,5.7065,,-0.46
20.09.2019,5.7439,5.715,5.7494,5.675,,0.44
19.09.2019,5.7187,5.6799,5.7252,5.6678,,0.74
18.09.2019,5.6768,5.7052,5.7116,5.6528,,-0.43
17.09.2019,5.7016,5.7292,5.7451,5.689,,-0.48
16.09.2019,5.7289,5.6892,5.7461,5.6891,,0.75
13.09.2019,5.6861,5.6556,5.6935,5.644,,0.52
12.09.2019,5.6566,5.756,5.7763,5.6555,,-1.65
11.09.2019,5.7515,5.7704,5.7972,5.7429,,-0.29
10.09.2019,5.7683,5.7516,5.7915,5.7397,,0.32
09.09.2019,5.75,5.7136,5.766,5.6941,,0.60
06.09.2019,5.7155,5.6916,5.7295,5.675,,0.42
05.09.2019,5.6917,5.6711,5.7068,5.6452,,0.44
04.09.2019,5.667,5.7284,5.7347,5.64,,-1.09
03.09.2019,5.7293,5.8074,5.8232,5.7165,,-1.33
02.09.2019,5.8068,5.833,5.8419,5.7904,,-0.41
30.08.2019,5.8306,5.839,5.8514,5.8134,,-0.16
29.08.2019,5.84,5.812,5.8481,5.7955,,0.46
28.08.2019,5.8134,5.8307,5.8402,5.7873,,-0.24
27.08.2019,5.8276,5.8297,5.8635,5.7948,,0.04
26.08.2019,5.8252,5.7653,5.8423,5.7647,,1.13
23.08.2019,5.7599,5.7689,5.7774,5.726,,-0.15
22.08.2019,5.7688,5.7175,5.7899,5.705,,0.92
21.08.2019,5.7162,5.7358,5.7446,5.7008,,-0.22
20.08.2019,5.729,5.6622,5.75,5.6345,,1.20
19.08.2019,5.6609,5.5863,5.6805,5.5611,,1.48
16.08.2019,5.5785,5.568,5.5867,5.5205,,0.19
15.08.2019,5.568,5.6143,5.6188,5.5388,,-0.80
14.08.2019,5.6128,5.5611,5.631,5.5557,,0.90
13.08.2019,5.5629,5.5674,5.6383,5.549,,-0.02
12.08.2019,5.564,5.4952,5.5777,5.4899,,1.32
09.08.2019,5.4917,5.476,5.5138,5.446,,0.25
08.08.2019,5.4781,5.5,5.5217,5.45,,-0.29
07.08.2019,5.4938,5.5202,5.5356,5.4538,,-0.49
06.08.2019,5.5209,5.5656,5.5953,5.5062,,-0.91
05.08.2019,5.5715,5.56,5.6185,5.524,,0.21
02.08.2019,5.5597,5.6029,5.6188,5.5418,,-0.79
01.08.2019,5.6038,5.5813,5.6295,5.5496,,0.31
31.07.2019,5.5864,5.5559,5.6211,5.504,,0.48
30.07.2019,5.5597,5.6163,5.6249,5.5424,,-0.98
29.07.2019,5.6148,5.6758,5.6758,5.5935,,-1.00
26.07.2019,5.6718,5.7025,5.7064,5.6,,-0.54
25.07.2019,5.7027,5.7086,5.768,5.6395,,-0.10
24.07.2019,5.7085,5.7209,5.7394,5.6944,,-0.16
23.07.2019,5.7178,5.6795,5.7252,5.661,,0.72
22.07.2019,5.677,5.6403,5.6947,5.6316,,0.39
19.07.2019,5.6551,5.6176,5.6776,5.608,,0.66
18.07.2019,5.6181,5.6859,5.7133,5.6128,,-1.16
17.07.2019,5.6842,5.7134,5.7208,5.6656,,-0.48
16.07.2019,5.7118,5.7125,5.7239,5.6845,,-0.05
15.07.2019,5.7148,5.722,5.7355,5.6968,,-0.09
12.07.2019,5.72,5.6831,5.7883,5.6604,,0.82
11.07.2019,5.6734,5.6762,5.6935,5.6456,,-0.01
10.07.2019,5.6741,5.7294,5.7599,5.6658,,-1.02
09.07.2019,5.7323,5.7392,5.7485,5.6766,,-0.08
08.07.2019,5.7367,5.6295,5.794,5.6294,,1.92
05.07.2019,5.6288,5.5952,5.6452,5.5805,,0.60
04.07.2019,5.5953,5.6243,5.6272,5.5725,,-0.53
03.07.2019,5.6249,5.6631,5.6723,5.6003,,-0.49
02.07.2019,5.6528,5.6534,5.7037,5.6193,,0.04
01.07.2019,5.6507,5.7986,5.7986,5.6196,,-2.44
28.06.2019,5.7921,5.7761,5.8029,5.7388,,0.34
27.06.2019,5.7725,5.777,5.7949,5.7517,,-0.04
26.06.2019,5.7749,5.793,5.8187,5.744,,-0.35
25.06.2019,5.7949,5.8089,5.8303,5.745,,-0.24
24.06.2019,5.809,5.8213,5.8302,5.6975,,-0.21
21.06.2019,5.8214,5.7609,5.8384,5.7459,,0.99
20.06.2019,5.7644,5.7947,5.8293,5.7224,,-0.46
19.06.2019,5.7913,5.835,5.9235,5.7875,,-0.64
18.06.2019,5.8284,5.8745,5.8835,5.8126,,-0.76
17.06.2019,5.8733,5.9026,5.9306,5.8476,,-0.48
14.06.2019,5.9015,5.8647,5.9329,5.845,,0.57
13.06.2019,5.8682,5.8094,5.9055,5.8041,,1.04
12.06.2019,5.808,5.7967,5.829,5.757,,0.18
11.06.2019,5.7976,5.7807,5.8423,5.7455,,0.40
10.06.2019,5.7747,5.8324,5.8592,5.751,,-0.97
07.06.2019,5.831,5.7768,5.869,5.772,,0.88
06.06.2019,5.7801,5.7303,5.8088,5.7139,,0.86
05.06.2019,5.731,5.7827,5.7882,5.6641,,-0.89
04.06.2019,5.7825,5.8379,5.8684,5.7521,,-0.88
03.06.2019,5.8339,5.8435,5.8968,5.8196,,-0.07
31.05.2019,5.8382,5.8793,5.9225,5.809,,-0.66
30.05.2019,5.8772,6.0098,6.0283,5.8496,,-2.24
29.05.2019,6.0121,6.0304,6.0579,5.9901,,-0.33
28.05.2019,6.0319,6.0646,6.085,5.9811,,-0.51
27.05.2019,6.0629,6.0903,6.1069,6.0269,,-0.32
24.05.2019,6.0825,6.0963,6.129,6.037,,-0.23
23.05.2019,6.0964,6.0956,6.152,6.0845,,-0.06
22.05.2019,6.1002,6.0606,6.13,6.0518,,0.79
21.05.2019,6.0525,6.0287,6.082,6.006,,0.42
20.05.2019,6.0272,6.0631,6.0881,5.9983,,-0.46
17.05.2019,6.055,6.0425,6.0953,6.018,,0.15
16.05.2019,6.0457,6.0042,6.0553,5.9893,,0.75
15.05.2019,6.0007,6.0335,6.0891,5.9899,,-0.50
14.05.2019,6.0306,6.0607,6.1162,5.9787,,-0.48
13.05.2019,6.0594,6.0064,6.1346,5.9572,,1.24
10.05.2019,5.985,6.1988,6.2126,5.9601,,-3.35
09.05.2019,6.1926,6.181,6.2465,6.1509,,0.11
08.05.2019,6.186,6.1484,6.1997,6.1375,,0.57
07.05.2019,6.1511,6.078,6.1979,6.0714,,1.16
06.05.2019,6.0803,5.9664,6.1496,5.9663,,1.94
03.05.2019,5.9648,5.9736,5.9932,5.9577,,0.01
02.05.2019,5.9645,5.9671,5.9829,5.9425,,-0.03
01.05.2019,5.9665,5.9674,5.9698,5.9351,,0.02
30.04.2019,5.9656,5.9488,5.9875,5.9259,,0.29
29.04.2019,5.9483,5.9343,5.9629,5.913,,0.17
26.04.2019,5.9382,5.9276,5.9696,5.907,,0.19
25.04.2019,5.9268,5.875,5.9811,5.8624,,0.88
24.04.2019,5.8753,5.8297,5.8954,5.8224,,0.80
23.04.2019,5.8287,5.8273,5.8534,5.8075,,0.03
22.04.2019,5.8272,5.8112,5.857,5.804,,0.28
19.04.2019,5.8112,5.8001,5.8352,5.7685,,0.16
18.04.2019,5.8018,5.7451,5.8543,5.7409,,1.10
17.04.2019,5.7387,5.7709,5.7966,5.692,,-0.55
16.04.2019,5.7704,5.8073,5.8323,5.7381,,-0.58
15.04.2019,5.8041,5.7676,5.8242,5.7613,,0.60
12.04.2019,5.7693,5.7363,5.8235,5.7,,0.53
11.04.2019,5.7388,5.6829,5.76,5.6626,,1.00
10.04.2019,5.6818,5.6916,5.7207,5.6565,,-0.22
09.04.2019,5.6943,5.6897,5.7061,5.6306,,0.07
08.04.2019,5.6903,5.6261,5.729,5.6111,,1.14
05.04.2019,5.6262,5.589,5.6505,5.5505,,0.60
04.04.2019,5.5924,5.6265,5.6645,5.5413,,-0.60
03.04.2019,5.626,5.6069,5.6566,5.5634,,0.37
02.04.2019,5.605,5.4865,5.6792,5.4755,,2.16
01.04.2019,5.4863,5.5565,5.704,5.4085,,-1.25
29.03.2019,5.5555,5.5726,5.6822,5.5535,,-0.10
28.03.2019,5.561,5.3462,5.6275,5.3452,,4.38
27.03.2019,5.3278,5.3374,5.4654,5.269,,0.00
26.03.2019,5.3279,5.5469,5.5936,5.2992,,-4.01
25.03.2019,5.5503,5.7631,5.7726,5.5412,,-3.69
22.03.2019,5.7627,5.4654,5.845,5.447,,5.44
21.03.2019,5.4652,5.4245,5.4813,5.4205,,0.82
20.03.2019,5.4208,5.476,5.4859,5.4082,,-1.02
19.03.2019,5.4764,5.4669,5.4884,5.4515,,0.15
18.03.2019,5.4683,5.448,5.4748,5.4427,,0.40
15.03.2019,5.4467,5.4656,5.4768,5.4398,,-0.37
14.03.2019,5.4671,5.4573,5.4771,5.4537,,0.20
13.03.2019,5.4564,5.4563,5.4812,5.445,,-0.01
12.03.2019,5.4572,5.4442,5.4672,5.4215,,0.21
11.03.2019,5.4455,5.427,5.4616,5.421,,0.28
08.03.2019,5.4303,5.4741,5.4917,5.42,,-0.75
07.03.2019,5.4712,5.4267,5.481,5.417,,0.78
06.03.2019,5.4288,5.3868,5.4474,5.3585,,0.78
